id,firstname,lastname,email,email2,profession
100,Fanchon,Sperling,Fanchon.Sperling@yopmail.com,Fanchon.Sperling@gmail.com,police officer
101,Jasmina,Hermes,Jasmina.Hermes@yopmail.com,Jasmina.Hermes@gmail.com,developer
102,Allis,Chinua,Allis.Chinua@yopmail.com,Allis.Chinua@gmail.com,developer
103,Elise,Olympium,Elise.Olympium@yopmail.com,Elise.Olympium@gmail.com,police officer
104,Lusa,Longfellow,Lusa.Longfellow@yopmail.com,Lusa.Longfellow@gmail.com,doctor
105,Nadine,Alexandr,Nadine.Alexandr@yopmail.com,Nadine.Alexandr@gmail.com,firefighter
106,Claresta,Schenck,Claresta.Schenck@yopmail.com,Claresta.Schenck@gmail.com,police officer
107,Hollie,Ogren,Hollie.Ogren@yopmail.com,Hollie.Ogren@gmail.com,developer
108,Karolina,Oriana,Karolina.Oriana@yopmail.com,Karolina.Oriana@gmail.com,firefighter
109,Korrie,Uird,Korrie.Uird@yopmail.com,Korrie.Uird@gmail.com,doctor
110,Beatriz,Mata,Beatriz.Mata@yopmail.com,Beatriz.Mata@gmail.com,worker
111,Helena,Neils,Helena.Neils@yopmail.com,Helena.Neils@gmail.com,firefighter
112,Heida,Dimitris,Heida.Dimitris@yopmail.com,Heida.Dimitris@gmail.com,firefighter
113,Belinda,Tatianas,Belinda.Tatianas@yopmail.com,Belinda.Tatianas@gmail.com,worker
114,Doro,Orpah,Doro.Orpah@yopmail.com,Doro.Orpah@gmail.com,worker
115,Lauryn,Westphal,Lauryn.Westphal@yopmail.com,Lauryn.Westphal@gmail.com,police officer
116,Kore,Damarra,Kore.Damarra@yopmail.com,Kore.Damarra@gmail.com,worker
117,Gretal,Elsinore,Gretal.Elsinore@yopmail.com,Gretal.Elsinore@gmail.com,worker
118,Tera,Jobi,Tera.Jobi@yopmail.com,Tera.Jobi@gmail.com,firefighter
119,Libbie,Breed,Libbie.Breed@yopmail.com,Libbie.Breed@gmail.com,police officer
120,Kylynn,Bahr,Kylynn.Bahr@yopmail.com,Kylynn.Bahr@gmail.com,worker
121,Basia,Dannye,Basia.Dannye@yopmail.com,Basia.Dannye@gmail.com,police officer
122,Nerta,Kress,Nerta.Kress@yopmail.com,Nerta.Kress@gmail.com,developer
123,Dolli,Fontana,Dolli.Fontana@yopmail.com,Dolli.Fontana@gmail.com,worker
124,Carly,Nance,Carly.Nance@yopmail.com,Carly.Nance@gmail.com,police officer
125,Corly,Zrike,Corly.Zrike@yopmail.com,Corly.Zrike@gmail.com,doctor
126,Sonni,Kazimir,Sonni.Kazimir@yopmail.com,Sonni.Kazimir@gmail.com,police officer
127,Orelia,Lattie,Orelia.Lattie@yopmail.com,Orelia.Lattie@gmail.com,worker
128,Sibella,Wesle,Sibella.Wesle@yopmail.com,Sibella.Wesle@gmail.com,firefighter
129,Gusella,Tannie,Gusella.Tannie@yopmail.com,Gusella.Tannie@gmail.com,worker
130,Joeann,Vastah,Joeann.Vastah@yopmail.com,Joeann.Vastah@gmail.com,police officer
131,Brandise,Anestassia,Brandise.Anestassia@yopmail.com,Brandise.Anestassia@gmail.com,police officer
132,Corly,Jillane,Corly.Jillane@yopmail.com,Corly.Jillane@gmail.com,doctor
133,Gwenneth,Stefa,Gwenneth.Stefa@yopmail.com,Gwenneth.Stefa@gmail.com,police officer
134,Dorene,Bethany,Dorene.Bethany@yopmail.com,Dorene.Bethany@gmail.com,firefighter
135,Oona,Rudolph,Oona.Rudolph@yopmail.com,Oona.Rudolph@gmail.com,police officer
136,Melisent,Wooster,Melisent.Wooster@yopmail.com,Melisent.Wooster@gmail.com,police officer
137,Myrtice,Maxi,Myrtice.Maxi@yopmail.com,Myrtice.Maxi@gmail.com,developer
138,Teddie,Martguerita,Teddie.Martguerita@yopmail.com,Teddie.Martguerita@gmail.com,worker
139,Kathy,Stav,Kathy.Stav@yopmail.com,Kathy.Stav@gmail.com,doctor
140,Dulcinea,Bandeen,Dulcinea.Bandeen@yopmail.com,Dulcinea.Bandeen@gmail.com,police officer
141,Nita,Even,Nita.Even@yopmail.com,Nita.Even@gmail.com,developer
142,Melina,Amand,Melina.Amand@yopmail.com,Melina.Amand@gmail.com,developer
143,Mignon,Gaynor,Mignon.Gaynor@yopmail.com,Mignon.Gaynor@gmail.com,doctor
144,Cecile,Roscoe,Cecile.Roscoe@yopmail.com,Cecile.Roscoe@gmail.com,doctor
145,Gilda,Garrison,Gilda.Garrison@yopmail.com,Gilda.Garrison@gmail.com,worker
146,Zaria,Jaylene,Zaria.Jaylene@yopmail.com,Zaria.Jaylene@gmail.com,firefighter
147,Livvyy,Prouty,Livvyy.Prouty@yopmail.com,Livvyy.Prouty@gmail.com,firefighter
148,Thalia,Damarra,Thalia.Damarra@yopmail.com,Thalia.Damarra@gmail.com,doctor
149,Goldie,Blisse,Goldie.Blisse@yopmail.com,Goldie.Blisse@gmail.com,police officer
150,Meg,Dyche,Meg.Dyche@yopmail.com,Meg.Dyche@gmail.com,developer
151,Antonietta,Phaidra,Antonietta.Phaidra@yopmail.com,Antonietta.Phaidra@gmail.com,worker
152,Gwenneth,Olympium,Gwenneth.Olympium@yopmail.com,Gwenneth.Olympium@gmail.com,doctor
153,Orsola,Maribeth,Orsola.Maribeth@yopmail.com,Orsola.Maribeth@gmail.com,developer
154,Sonni,Adlare,Sonni.Adlare@yopmail.com,Sonni.Adlare@gmail.com,developer
155,Deedee,Winthorpe,Deedee.Winthorpe@yopmail.com,Deedee.Winthorpe@gmail.com,firefighter
156,Rhoda,Elisha,Rhoda.Elisha@yopmail.com,Rhoda.Elisha@gmail.com,worker
157,Melisent,Ciapas,Melisent.Ciapas@yopmail.com,Melisent.Ciapas@gmail.com,doctor
158,Marinna,Kare,Marinna.Kare@yopmail.com,Marinna.Kare@gmail.com,worker
159,Cassondra,Jethro,Cassondra.Jethro@yopmail.com,Cassondra.Jethro@gmail.com,doctor
160,Ginnie,Tjon,Ginnie.Tjon@yopmail.com,Ginnie.Tjon@gmail.com,worker
161,Raina,Iphlgenia,Raina.Iphlgenia@yopmail.com,Raina.Iphlgenia@gmail.com,firefighter
162,Joeann,Lutero,Joeann.Lutero@yopmail.com,Joeann.Lutero@gmail.com,police officer
163,Elbertina,Rona,Elbertina.Rona@yopmail.com,Elbertina.Rona@gmail.com,worker
164,Justinn,Gaynor,Justinn.Gaynor@yopmail.com,Justinn.Gaynor@gmail.com,firefighter
165,Ricky,Bury,Ricky.Bury@yopmail.com,Ricky.Bury@gmail.com,doctor
166,Christal,Markman,Christal.Markman@yopmail.com,Christal.Markman@gmail.com,worker
167,Corry,Estella,Corry.Estella@yopmail.com,Corry.Estella@gmail.com,worker
168,Christal,Gerge,Christal.Gerge@yopmail.com,Christal.Gerge@gmail.com,doctor
169,Wendi,Cutlerr,Wendi.Cutlerr@yopmail.com,Wendi.Cutlerr@gmail.com,firefighter
170,Beatriz,Bennie,Beatriz.Bennie@yopmail.com,Beatriz.Bennie@gmail.com,developer
171,Joane,Quent,Joane.Quent@yopmail.com,Joane.Quent@gmail.com,firefighter
172,Carmencita,Carey,Carmencita.Carey@yopmail.com,Carmencita.Carey@gmail.com,developer
173,Angela,Kinnard,Angela.Kinnard@yopmail.com,Angela.Kinnard@gmail.com,police officer
174,Roseline,Lalitta,Roseline.Lalitta@yopmail.com,Roseline.Lalitta@gmail.com,worker
175,Ayn,Dowski,Ayn.Dowski@yopmail.com,Ayn.Dowski@gmail.com,doctor
176,Roberta,Eben,Roberta.Eben@yopmail.com,Roberta.Eben@gmail.com,doctor
177,Evaleen,Elisha,Evaleen.Elisha@yopmail.com,Evaleen.Elisha@gmail.com,developer
178,Sybille,Felecia,Sybille.Felecia@yopmail.com,Sybille.Felecia@gmail.com,firefighter
179,Hildegaard,Dituri,Hildegaard.Dituri@yopmail.com,Hildegaard.Dituri@gmail.com,firefighter
180,Latisha,Eno,Latisha.Eno@yopmail.com,Latisha.Eno@gmail.com,police officer
181,Netty,Tjon,Netty.Tjon@yopmail.com,Netty.Tjon@gmail.com,developer
182,Noelle,Hathaway,Noelle.Hathaway@yopmail.com,Noelle.Hathaway@gmail.com,developer
183,Feliza,Daveta,Feliza.Daveta@yopmail.com,Feliza.Daveta@gmail.com,worker
184,Anestassia,Ethban,Anestassia.Ethban@yopmail.com,Anestassia.Ethban@gmail.com,developer
185,Karly,Raimondo,Karly.Raimondo@yopmail.com,Karly.Raimondo@gmail.com,firefighter
186,Lusa,Abram,Lusa.Abram@yopmail.com,Lusa.Abram@gmail.com,developer
187,Brynna,Aurelio,Brynna.Aurelio@yopmail.com,Brynna.Aurelio@gmail.com,firefighter
188,Kirstin,Dom,Kirstin.Dom@yopmail.com,Kirstin.Dom@gmail.com,doctor
189,Mellicent,Rogerio,Mellicent.Rogerio@yopmail.com,Mellicent.Rogerio@gmail.com,developer
190,Tilly,Mallon,Tilly.Mallon@yopmail.com,Tilly.Mallon@gmail.com,firefighter
191,Monika,Margret,Monika.Margret@yopmail.com,Monika.Margret@gmail.com,firefighter
192,Chastity,Milson,Chastity.Milson@yopmail.com,Chastity.Milson@gmail.com,police officer
193,Tersina,Maxi,Tersina.Maxi@yopmail.com,Tersina.Maxi@gmail.com,developer
194,Peri,Neva,Peri.Neva@yopmail.com,Peri.Neva@gmail.com,firefighter
195,Clo,Raimondo,Clo.Raimondo@yopmail.com,Clo.Raimondo@gmail.com,developer
196,Nelle,Erlandson,Nelle.Erlandson@yopmail.com,Nelle.Erlandson@gmail.com,police officer
197,Dulce,Dermott,Dulce.Dermott@yopmail.com,Dulce.Dermott@gmail.com,worker
198,Sallie,Shanley,Sallie.Shanley@yopmail.com,Sallie.Shanley@gmail.com,police officer
199,Merry,Cosenza,Merry.Cosenza@yopmail.com,Merry.Cosenza@gmail.com,doctor
200,Mathilda,Alexandr,Mathilda.Alexandr@yopmail.com,Mathilda.Alexandr@gmail.com,developer
201,Anica,Maples,Anica.Maples@yopmail.com,Anica.Maples@gmail.com,developer
202,Dulce,Haerr,Dulce.Haerr@yopmail.com,Dulce.Haerr@gmail.com,developer
203,Ada,Armanda,Ada.Armanda@yopmail.com,Ada.Armanda@gmail.com,worker
204,Karly,Franza,Karly.Franza@yopmail.com,Karly.Franza@gmail.com,developer
205,Rosanne,Strephon,Rosanne.Strephon@yopmail.com,Rosanne.Strephon@gmail.com,worker
206,Gloria,Kiyoshi,Gloria.Kiyoshi@yopmail.com,Gloria.Kiyoshi@gmail.com,worker
207,Chere,Konyn,Chere.Konyn@yopmail.com,Chere.Konyn@gmail.com,developer
208,Konstance,Hepsibah,Konstance.Hepsibah@yopmail.com,Konstance.Hepsibah@gmail.com,police officer
209,Anica,Lissi,Anica.Lissi@yopmail.com,Anica.Lissi@gmail.com,police officer
210,Emylee,Denis,Emylee.Denis@yopmail.com,Emylee.Denis@gmail.com,police officer
211,Lily,Bennie,Lily.Bennie@yopmail.com,Lily.Bennie@gmail.com,firefighter
212,Amelia,Gualtiero,Amelia.Gualtiero@yopmail.com,Amelia.Gualtiero@gmail.com,worker
213,Frances,Mata,Frances.Mata@yopmail.com,Frances.Mata@gmail.com,police officer
214,Tami,Oscar,Tami.Oscar@yopmail.com,Tami.Oscar@gmail.com,firefighter
215,Jeanna,Albertine,Jeanna.Albertine@yopmail.com,Jeanna.Albertine@gmail.com,firefighter
216,Frieda,Emmaline,Frieda.Emmaline@yopmail.com,Frieda.Emmaline@gmail.com,firefighter
217,Linet,Maurine,Linet.Maurine@yopmail.com,Linet.Maurine@gmail.com,developer
218,Jordan,Joni,Jordan.Joni@yopmail.com,Jordan.Joni@gmail.com,police officer
219,Belva,Schonfeld,Belva.Schonfeld@yopmail.com,Belva.Schonfeld@gmail.com,doctor
220,Tabbatha,Standing,Tabbatha.Standing@yopmail.com,Tabbatha.Standing@gmail.com,developer
221,Lelah,Obed,Lelah.Obed@yopmail.com,Lelah.Obed@gmail.com,police officer
222,Mariann,Zola,Mariann.Zola@yopmail.com,Mariann.Zola@gmail.com,developer
223,Evaleen,Nickola,Evaleen.Nickola@yopmail.com,Evaleen.Nickola@gmail.com,police officer
224,Lyssa,Stoller,Lyssa.Stoller@yopmail.com,Lyssa.Stoller@gmail.com,worker
225,Priscilla,Zeeba,Priscilla.Zeeba@yopmail.com,Priscilla.Zeeba@gmail.com,worker
226,Dacia,Jarib,Dacia.Jarib@yopmail.com,Dacia.Jarib@gmail.com,worker
227,Kathy,Edvard,Kathy.Edvard@yopmail.com,Kathy.Edvard@gmail.com,doctor
228,Jere,Myrilla,Jere.Myrilla@yopmail.com,Jere.Myrilla@gmail.com,developer
229,Calla,Cookie,Calla.Cookie@yopmail.com,Calla.Cookie@gmail.com,worker
230,Blinni,Lymann,Blinni.Lymann@yopmail.com,Blinni.Lymann@gmail.com,firefighter
231,Mary,McCutcheon,Mary.McCutcheon@yopmail.com,Mary.McCutcheon@gmail.com,firefighter
232,Rosaline,Chandler,Rosaline.Chandler@yopmail.com,Rosaline.Chandler@gmail.com,doctor
233,Melisent,Noman,Melisent.Noman@yopmail.com,Melisent.Noman@gmail.com,firefighter
234,Frances,Giule,Frances.Giule@yopmail.com,Frances.Giule@gmail.com,firefighter
235,Pollyanna,Dowski,Pollyanna.Dowski@yopmail.com,Pollyanna.Dowski@gmail.com,police officer
236,Mary,Horan,Mary.Horan@yopmail.com,Mary.Horan@gmail.com,worker
237,Kristina,Vale,Kristina.Vale@yopmail.com,Kristina.Vale@gmail.com,developer
238,Mamie,Kare,Mamie.Kare@yopmail.com,Mamie.Kare@gmail.com,police officer
239,Loree,Goddard,Loree.Goddard@yopmail.com,Loree.Goddard@gmail.com,firefighter
240,Christal,Garlinda,Christal.Garlinda@yopmail.com,Christal.Garlinda@gmail.com,firefighter
241,Mellicent,Sacken,Mellicent.Sacken@yopmail.com,Mellicent.Sacken@gmail.com,firefighter
242,Sonni,Selway,Sonni.Selway@yopmail.com,Sonni.Selway@gmail.com,developer
243,Augustine,Heidt,Augustine.Heidt@yopmail.com,Augustine.Heidt@gmail.com,doctor
244,Mary,Natalia,Mary.Natalia@yopmail.com,Mary.Natalia@gmail.com,police officer
245,Gerrie,Hutchison,Gerrie.Hutchison@yopmail.com,Gerrie.Hutchison@gmail.com,worker
246,Katharina,Elvyn,Katharina.Elvyn@yopmail.com,Katharina.Elvyn@gmail.com,doctor
247,Sophia,Weide,Sophia.Weide@yopmail.com,Sophia.Weide@gmail.com,police officer
248,Merle,Skell,Merle.Skell@yopmail.com,Merle.Skell@gmail.com,doctor
249,Ketti,Lesley,Ketti.Lesley@yopmail.com,Ketti.Lesley@gmail.com,doctor
250,Charlena,Tiffa,Charlena.Tiffa@yopmail.com,Charlena.Tiffa@gmail.com,doctor
251,Delilah,Atonsah,Delilah.Atonsah@yopmail.com,Delilah.Atonsah@gmail.com,worker
252,Joceline,Frodi,Joceline.Frodi@yopmail.com,Joceline.Frodi@gmail.com,firefighter
253,Karina,Curren,Karina.Curren@yopmail.com,Karina.Curren@gmail.com,doctor
254,Valeda,Belldas,Valeda.Belldas@yopmail.com,Valeda.Belldas@gmail.com,police officer
255,Ilse,Argus,Ilse.Argus@yopmail.com,Ilse.Argus@gmail.com,police officer
256,Lexine,Jary,Lexine.Jary@yopmail.com,Lexine.Jary@gmail.com,police officer
257,Rori,Jammal,Rori.Jammal@yopmail.com,Rori.Jammal@gmail.com,worker
258,Gilda,Bearnard,Gilda.Bearnard@yopmail.com,Gilda.Bearnard@gmail.com,worker
259,Cindelyn,Dielu,Cindelyn.Dielu@yopmail.com,Cindelyn.Dielu@gmail.com,developer
260,Mariele,Stevy,Mariele.Stevy@yopmail.com,Mariele.Stevy@gmail.com,firefighter
261,Nariko,Vins,Nariko.Vins@yopmail.com,Nariko.Vins@gmail.com,firefighter
262,Clo,Cleo,Clo.Cleo@yopmail.com,Clo.Cleo@gmail.com,developer
263,Alex,Parsaye,Alex.Parsaye@yopmail.com,Alex.Parsaye@gmail.com,firefighter
264,Shel,Carbo,Shel.Carbo@yopmail.com,Shel.Carbo@gmail.com,doctor
265,Priscilla,Holtz,Priscilla.Holtz@yopmail.com,Priscilla.Holtz@gmail.com,police officer
266,Sonni,Tacye,Sonni.Tacye@yopmail.com,Sonni.Tacye@gmail.com,worker
267,Fayre,Pascia,Fayre.Pascia@yopmail.com,Fayre.Pascia@gmail.com,developer
268,Chandra,Delp,Chandra.Delp@yopmail.com,Chandra.Delp@gmail.com,developer
269,Lonnie,Macey,Lonnie.Macey@yopmail.com,Lonnie.Macey@gmail.com,doctor
270,Helena,Stacy,Helena.Stacy@yopmail.com,Helena.Stacy@gmail.com,police officer
271,Kate,Saree,Kate.Saree@yopmail.com,Kate.Saree@gmail.com,firefighter
272,Loree,Harriman,Loree.Harriman@yopmail.com,Loree.Harriman@gmail.com,firefighter
273,Edith,Vale,Edith.Vale@yopmail.com,Edith.Vale@gmail.com,firefighter
274,Glynnis,Sadowski,Glynnis.Sadowski@yopmail.com,Glynnis.Sadowski@gmail.com,developer
275,Abbie,Haerr,Abbie.Haerr@yopmail.com,Abbie.Haerr@gmail.com,firefighter
276,Meghann,Alfons,Meghann.Alfons@yopmail.com,Meghann.Alfons@gmail.com,developer
277,Gui,Marsden,Gui.Marsden@yopmail.com,Gui.Marsden@gmail.com,firefighter
278,Ethel,Seagraves,Ethel.Seagraves@yopmail.com,Ethel.Seagraves@gmail.com,worker
279,Georgetta,Schalles,Georgetta.Schalles@yopmail.com,Georgetta.Schalles@gmail.com,worker
280,Judy,Toffic,Judy.Toffic@yopmail.com,Judy.Toffic@gmail.com,firefighter
281,Melina,Morrill,Melina.Morrill@yopmail.com,Melina.Morrill@gmail.com,doctor
282,Gilda,Willie,Gilda.Willie@yopmail.com,Gilda.Willie@gmail.com,police officer
283,Modestia,Andrel,Modestia.Andrel@yopmail.com,Modestia.Andrel@gmail.com,developer
284,Blondelle,Stevy,Blondelle.Stevy@yopmail.com,Blondelle.Stevy@gmail.com,firefighter
285,Donetta,Muriel,Donetta.Muriel@yopmail.com,Donetta.Muriel@gmail.com,worker
286,Sashenka,Joeann,Sashenka.Joeann@yopmail.com,Sashenka.Joeann@gmail.com,developer
287,Anthia,Gombach,Anthia.Gombach@yopmail.com,Anthia.Gombach@gmail.com,worker
288,Maisey,Grobe,Maisey.Grobe@yopmail.com,Maisey.Grobe@gmail.com,police officer
289,Patricia,Kesley,Patricia.Kesley@yopmail.com,Patricia.Kesley@gmail.com,firefighter
290,Ricky,Leonard,Ricky.Leonard@yopmail.com,Ricky.Leonard@gmail.com,developer
291,Roseline,Timon,Roseline.Timon@yopmail.com,Roseline.Timon@gmail.com,police officer
292,Ayn,Poll,Ayn.Poll@yopmail.com,Ayn.Poll@gmail.com,firefighter
293,Carmencita,Israeli,Carmencita.Israeli@yopmail.com,Carmencita.Israeli@gmail.com,firefighter
294,Feliza,Irmine,Feliza.Irmine@yopmail.com,Feliza.Irmine@gmail.com,developer
295,Chandra,Lareena,Chandra.Lareena@yopmail.com,Chandra.Lareena@gmail.com,firefighter
296,Augustine,Obed,Augustine.Obed@yopmail.com,Augustine.Obed@gmail.com,worker
297,Bettine,Fredi,Bettine.Fredi@yopmail.com,Bettine.Fredi@gmail.com,doctor
298,Peri,Hunfredo,Peri.Hunfredo@yopmail.com,Peri.Hunfredo@gmail.com,doctor
299,Anica,Buttaro,Anica.Buttaro@yopmail.com,Anica.Buttaro@gmail.com,developer
300,Winifred,Vharat,Winifred.Vharat@yopmail.com,Winifred.Vharat@gmail.com,police officer
301,Debee,Martsen,Debee.Martsen@yopmail.com,Debee.Martsen@gmail.com,worker
302,Frank,Hertzfeld,Frank.Hertzfeld@yopmail.com,Frank.Hertzfeld@gmail.com,firefighter
303,Shannah,Erminia,Shannah.Erminia@yopmail.com,Shannah.Erminia@gmail.com,police officer
304,Annabela,Trey,Annabela.Trey@yopmail.com,Annabela.Trey@gmail.com,firefighter
305,Marti,Dituri,Marti.Dituri@yopmail.com,Marti.Dituri@gmail.com,firefighter
306,Tamqrah,Brotherson,Tamqrah.Brotherson@yopmail.com,Tamqrah.Brotherson@gmail.com,police officer
307,Sherrie,Kauppi,Sherrie.Kauppi@yopmail.com,Sherrie.Kauppi@gmail.com,firefighter
308,Kamilah,Imelida,Kamilah.Imelida@yopmail.com,Kamilah.Imelida@gmail.com,doctor
309,Karina,Claudine,Karina.Claudine@yopmail.com,Karina.Claudine@gmail.com,worker
310,Ronna,Gaspard,Ronna.Gaspard@yopmail.com,Ronna.Gaspard@gmail.com,firefighter
311,Janeczka,Lowry,Janeczka.Lowry@yopmail.com,Janeczka.Lowry@gmail.com,police officer
312,Tierney,Naor,Tierney.Naor@yopmail.com,Tierney.Naor@gmail.com,doctor
313,Loree,Alcott,Loree.Alcott@yopmail.com,Loree.Alcott@gmail.com,doctor
314,Corene,Concha,Corene.Concha@yopmail.com,Corene.Concha@gmail.com,firefighter
315,Sarette,Brodench,Sarette.Brodench@yopmail.com,Sarette.Brodench@gmail.com,doctor
316,Kary,Lumbard,Kary.Lumbard@yopmail.com,Kary.Lumbard@gmail.com,firefighter
317,Althea,Chick,Althea.Chick@yopmail.com,Althea.Chick@gmail.com,worker
318,Shannah,Syd,Shannah.Syd@yopmail.com,Shannah.Syd@gmail.com,firefighter
319,Trudie,McLaughlin,Trudie.McLaughlin@yopmail.com,Trudie.McLaughlin@gmail.com,developer
320,Susette,Stover,Susette.Stover@yopmail.com,Susette.Stover@gmail.com,doctor
321,Antonietta,Bohlin,Antonietta.Bohlin@yopmail.com,Antonietta.Bohlin@gmail.com,doctor
322,Dorene,Garek,Dorene.Garek@yopmail.com,Dorene.Garek@gmail.com,doctor
323,Carlie,Abbot,Carlie.Abbot@yopmail.com,Carlie.Abbot@gmail.com,doctor
324,Jennica,Fulmer,Jennica.Fulmer@yopmail.com,Jennica.Fulmer@gmail.com,doctor
325,Ardys,Rooney,Ardys.Rooney@yopmail.com,Ardys.Rooney@gmail.com,police officer
326,Sibella,Duwalt,Sibella.Duwalt@yopmail.com,Sibella.Duwalt@gmail.com,doctor
327,Emelina,Hoenack,Emelina.Hoenack@yopmail.com,Emelina.Hoenack@gmail.com,developer
328,Kassey,Saunderson,Kassey.Saunderson@yopmail.com,Kassey.Saunderson@gmail.com,developer
329,Ira,Jary,Ira.Jary@yopmail.com,Ira.Jary@gmail.com,firefighter
330,Damaris,Vanni,Damaris.Vanni@yopmail.com,Damaris.Vanni@gmail.com,doctor
331,Sara-Ann,Urias,Sara-Ann.Urias@yopmail.com,Sara-Ann.Urias@gmail.com,firefighter
332,Alisha,Lymann,Alisha.Lymann@yopmail.com,Alisha.Lymann@gmail.com,police officer
333,Mireielle,Love,Mireielle.Love@yopmail.com,Mireielle.Love@gmail.com,firefighter
334,Tomasina,Solitta,Tomasina.Solitta@yopmail.com,Tomasina.Solitta@gmail.com,police officer
335,Valera,Ehrman,Valera.Ehrman@yopmail.com,Valera.Ehrman@gmail.com,police officer
336,Lauryn,Amethist,Lauryn.Amethist@yopmail.com,Lauryn.Amethist@gmail.com,doctor
337,Jasmina,Norvol,Jasmina.Norvol@yopmail.com,Jasmina.Norvol@gmail.com,developer
338,Candy,Nance,Candy.Nance@yopmail.com,Candy.Nance@gmail.com,doctor
339,Feliza,Goode,Feliza.Goode@yopmail.com,Feliza.Goode@gmail.com,police officer
340,Jillayne,Wiener,Jillayne.Wiener@yopmail.com,Jillayne.Wiener@gmail.com,doctor
341,Shaine,Tayib,Shaine.Tayib@yopmail.com,Shaine.Tayib@gmail.com,police officer
342,Elka,Maroney,Elka.Maroney@yopmail.com,Elka.Maroney@gmail.com,doctor
343,Kate,Georas,Kate.Georas@yopmail.com,Kate.Georas@gmail.com,doctor
344,Dawn,Danby,Dawn.Danby@yopmail.com,Dawn.Danby@gmail.com,firefighter
345,Taffy,Peonir,Taffy.Peonir@yopmail.com,Taffy.Peonir@gmail.com,worker
346,Coral,Wadell,Coral.Wadell@yopmail.com,Coral.Wadell@gmail.com,police officer
347,Bettine,Thilda,Bettine.Thilda@yopmail.com,Bettine.Thilda@gmail.com,developer
348,Fidelia,Teryn,Fidelia.Teryn@yopmail.com,Fidelia.Teryn@gmail.com,police officer
349,Alia,Dunkin,Alia.Dunkin@yopmail.com,Alia.Dunkin@gmail.com,doctor
350,Charissa,Marlie,Charissa.Marlie@yopmail.com,Charissa.Marlie@gmail.com,police officer
351,Donetta,Kare,Donetta.Kare@yopmail.com,Donetta.Kare@gmail.com,police officer
352,Dorice,Joeann,Dorice.Joeann@yopmail.com,Dorice.Joeann@gmail.com,developer
353,Ellette,Amethist,Ellette.Amethist@yopmail.com,Ellette.Amethist@gmail.com,firefighter
354,Sashenka,Brady,Sashenka.Brady@yopmail.com,Sashenka.Brady@gmail.com,firefighter
355,Monika,Bouchard,Monika.Bouchard@yopmail.com,Monika.Bouchard@gmail.com,developer
356,Brooks,Koziara,Brooks.Koziara@yopmail.com,Brooks.Koziara@gmail.com,firefighter
357,Tobe,Jacqui,Tobe.Jacqui@yopmail.com,Tobe.Jacqui@gmail.com,worker
358,Aurelie,Nicoline,Aurelie.Nicoline@yopmail.com,Aurelie.Nicoline@gmail.com,firefighter
359,Danika,Berl,Danika.Berl@yopmail.com,Danika.Berl@gmail.com,firefighter
360,Zia,Screens,Zia.Screens@yopmail.com,Zia.Screens@gmail.com,police officer
361,Flory,Amasa,Flory.Amasa@yopmail.com,Flory.Amasa@gmail.com,police officer
362,Kaja,Orlene,Kaja.Orlene@yopmail.com,Kaja.Orlene@gmail.com,firefighter
363,Lacie,Justinn,Lacie.Justinn@yopmail.com,Lacie.Justinn@gmail.com,developer
364,Meriel,Clywd,Meriel.Clywd@yopmail.com,Meriel.Clywd@gmail.com,firefighter
365,Florie,Glenden,Florie.Glenden@yopmail.com,Florie.Glenden@gmail.com,developer
366,Dagmar,Franza,Dagmar.Franza@yopmail.com,Dagmar.Franza@gmail.com,worker
367,Millie,Rillings,Millie.Rillings@yopmail.com,Millie.Rillings@gmail.com,police officer
368,Kittie,Cimbura,Kittie.Cimbura@yopmail.com,Kittie.Cimbura@gmail.com,developer
369,Kerrin,Carbo,Kerrin.Carbo@yopmail.com,Kerrin.Carbo@gmail.com,police officer
370,Concettina,Chem,Concettina.Chem@yopmail.com,Concettina.Chem@gmail.com,police officer
371,Janey,Kussell,Janey.Kussell@yopmail.com,Janey.Kussell@gmail.com,worker
372,Natka,Hortensia,Natka.Hortensia@yopmail.com,Natka.Hortensia@gmail.com,police officer
373,Letizia,Colyer,Letizia.Colyer@yopmail.com,Letizia.Colyer@gmail.com,firefighter
374,Valli,Faro,Valli.Faro@yopmail.com,Valli.Faro@gmail.com,firefighter
375,Caritta,Yuille,Caritta.Yuille@yopmail.com,Caritta.Yuille@gmail.com,doctor
376,Bobbi,Bertold,Bobbi.Bertold@yopmail.com,Bobbi.Bertold@gmail.com,worker
377,Ernesta,Masao,Ernesta.Masao@yopmail.com,Ernesta.Masao@gmail.com,police officer
378,Alia,Norvol,Alia.Norvol@yopmail.com,Alia.Norvol@gmail.com,firefighter
379,Odessa,Rad,Odessa.Rad@yopmail.com,Odessa.Rad@gmail.com,doctor
380,Ilse,Cosenza,Ilse.Cosenza@yopmail.com,Ilse.Cosenza@gmail.com,police officer
381,Mary,Barbey,Mary.Barbey@yopmail.com,Mary.Barbey@gmail.com,worker
382,Dale,Alabaster,Dale.Alabaster@yopmail.com,Dale.Alabaster@gmail.com,doctor
383,Modestia,Erich,Modestia.Erich@yopmail.com,Modestia.Erich@gmail.com,developer
384,Vivia,Norrie,Vivia.Norrie@yopmail.com,Vivia.Norrie@gmail.com,police officer
385,Clo,Durware,Clo.Durware@yopmail.com,Clo.Durware@gmail.com,police officer
386,Ernesta,Helfand,Ernesta.Helfand@yopmail.com,Ernesta.Helfand@gmail.com,worker
387,Aigneis,Dyche,Aigneis.Dyche@yopmail.com,Aigneis.Dyche@gmail.com,developer
388,Karolina,Garrison,Karolina.Garrison@yopmail.com,Karolina.Garrison@gmail.com,developer
389,Bobinette,Annice,Bobinette.Annice@yopmail.com,Bobinette.Annice@gmail.com,developer
390,Elvira,Isacco,Elvira.Isacco@yopmail.com,Elvira.Isacco@gmail.com,developer
391,Carol-Jean,Ambrosia,Carol-Jean.Ambrosia@yopmail.com,Carol-Jean.Ambrosia@gmail.com,worker
392,Melisent,Ahab,Melisent.Ahab@yopmail.com,Melisent.Ahab@gmail.com,police officer
393,Violet,Henrie,Violet.Henrie@yopmail.com,Violet.Henrie@gmail.com,police officer
394,Adelle,Ball,Adelle.Ball@yopmail.com,Adelle.Ball@gmail.com,doctor
395,Alyssa,Charmine,Alyssa.Charmine@yopmail.com,Alyssa.Charmine@gmail.com,police officer
396,Vinita,MacIntosh,Vinita.MacIntosh@yopmail.com,Vinita.MacIntosh@gmail.com,worker
397,Celene,Breed,Celene.Breed@yopmail.com,Celene.Breed@gmail.com,firefighter
398,Therine,Morrill,Therine.Morrill@yopmail.com,Therine.Morrill@gmail.com,firefighter
399,Giustina,Naashom,Giustina.Naashom@yopmail.com,Giustina.Naashom@gmail.com,firefighter
400,Nataline,Keelia,Nataline.Keelia@yopmail.com,Nataline.Keelia@gmail.com,developer
401,Ursulina,Maiah,Ursulina.Maiah@yopmail.com,Ursulina.Maiah@gmail.com,police officer
402,Lynde,Ambrosia,Lynde.Ambrosia@yopmail.com,Lynde.Ambrosia@gmail.com,police officer
403,Aili,Brunell,Aili.Brunell@yopmail.com,Aili.Brunell@gmail.com,doctor
404,Pearline,Weide,Pearline.Weide@yopmail.com,Pearline.Weide@gmail.com,doctor
405,Helena,Wandie,Helena.Wandie@yopmail.com,Helena.Wandie@gmail.com,doctor
406,Alejandra,Franza,Alejandra.Franza@yopmail.com,Alejandra.Franza@gmail.com,doctor
407,Gwyneth,Byrne,Gwyneth.Byrne@yopmail.com,Gwyneth.Byrne@gmail.com,worker
408,Tani,Mathilde,Tani.Mathilde@yopmail.com,Tani.Mathilde@gmail.com,police officer
409,Cathyleen,Tippets,Cathyleen.Tippets@yopmail.com,Cathyleen.Tippets@gmail.com,developer
410,Yvonne,Colyer,Yvonne.Colyer@yopmail.com,Yvonne.Colyer@gmail.com,police officer
411,Lanna,Riordan,Lanna.Riordan@yopmail.com,Lanna.Riordan@gmail.com,firefighter
412,Mathilda,Mandler,Mathilda.Mandler@yopmail.com,Mathilda.Mandler@gmail.com,firefighter
413,Dyann,Penelopa,Dyann.Penelopa@yopmail.com,Dyann.Penelopa@gmail.com,worker
414,Tina,Erich,Tina.Erich@yopmail.com,Tina.Erich@gmail.com,doctor
415,Corly,Shelba,Corly.Shelba@yopmail.com,Corly.Shelba@gmail.com,firefighter
416,Vinita,Penelopa,Vinita.Penelopa@yopmail.com,Vinita.Penelopa@gmail.com,police officer
417,Madelle,Auberbach,Madelle.Auberbach@yopmail.com,Madelle.Auberbach@gmail.com,firefighter
418,Tracey,Pulsifer,Tracey.Pulsifer@yopmail.com,Tracey.Pulsifer@gmail.com,worker
419,Barbara,Forrer,Barbara.Forrer@yopmail.com,Barbara.Forrer@gmail.com,police officer
420,Lorie,Egbert,Lorie.Egbert@yopmail.com,Lorie.Egbert@gmail.com,developer
421,Annecorinne,Yoko,Annecorinne.Yoko@yopmail.com,Annecorinne.Yoko@gmail.com,firefighter
422,Margette,Capello,Margette.Capello@yopmail.com,Margette.Capello@gmail.com,firefighter
423,Ashlee,Verger,Ashlee.Verger@yopmail.com,Ashlee.Verger@gmail.com,worker
424,Jerry,Jillane,Jerry.Jillane@yopmail.com,Jerry.Jillane@gmail.com,firefighter
425,Rhoda,Wesle,Rhoda.Wesle@yopmail.com,Rhoda.Wesle@gmail.com,worker
426,Lauryn,Schonfeld,Lauryn.Schonfeld@yopmail.com,Lauryn.Schonfeld@gmail.com,developer
427,Peri,Neva,Peri.Neva@yopmail.com,Peri.Neva@gmail.com,developer
428,Olivette,Delila,Olivette.Delila@yopmail.com,Olivette.Delila@gmail.com,police officer
429,Charissa,Alva,Charissa.Alva@yopmail.com,Charissa.Alva@gmail.com,doctor
430,Stephanie,Pozzy,Stephanie.Pozzy@yopmail.com,Stephanie.Pozzy@gmail.com,worker
431,Tarra,Thad,Tarra.Thad@yopmail.com,Tarra.Thad@gmail.com,doctor
432,Mamie,Connelly,Mamie.Connelly@yopmail.com,Mamie.Connelly@gmail.com,doctor
433,Liana,Elvyn,Liana.Elvyn@yopmail.com,Liana.Elvyn@gmail.com,police officer
434,Maryellen,Millda,Maryellen.Millda@yopmail.com,Maryellen.Millda@gmail.com,doctor
435,Neila,Colleen,Neila.Colleen@yopmail.com,Neila.Colleen@gmail.com,police officer
436,Dode,Afton,Dode.Afton@yopmail.com,Dode.Afton@gmail.com,police officer
437,Alleen,Garlinda,Alleen.Garlinda@yopmail.com,Alleen.Garlinda@gmail.com,doctor
438,Layla,Ephrem,Layla.Ephrem@yopmail.com,Layla.Ephrem@gmail.com,firefighter
439,Dominga,Fairweather,Dominga.Fairweather@yopmail.com,Dominga.Fairweather@gmail.com,doctor
440,Anestassia,Keily,Anestassia.Keily@yopmail.com,Anestassia.Keily@gmail.com,firefighter
441,Leanna,Billye,Leanna.Billye@yopmail.com,Leanna.Billye@gmail.com,doctor
442,Layla,Gino,Layla.Gino@yopmail.com,Layla.Gino@gmail.com,worker
443,Gui,Smitt,Gui.Smitt@yopmail.com,Gui.Smitt@gmail.com,police officer
444,Kore,Wiener,Kore.Wiener@yopmail.com,Kore.Wiener@gmail.com,doctor
445,Lilith,Fillbert,Lilith.Fillbert@yopmail.com,Lilith.Fillbert@gmail.com,doctor
446,Evita,Vittoria,Evita.Vittoria@yopmail.com,Evita.Vittoria@gmail.com,firefighter
447,Kayla,Ahab,Kayla.Ahab@yopmail.com,Kayla.Ahab@gmail.com,worker
448,Tilly,Keelia,Tilly.Keelia@yopmail.com,Tilly.Keelia@gmail.com,doctor
449,Lisette,Schenck,Lisette.Schenck@yopmail.com,Lisette.Schenck@gmail.com,developer
450,Lizzie,Joeann,Lizzie.Joeann@yopmail.com,Lizzie.Joeann@gmail.com,doctor
451,Ebonee,Lucienne,Ebonee.Lucienne@yopmail.com,Ebonee.Lucienne@gmail.com,firefighter
452,Rosanne,Chrystel,Rosanne.Chrystel@yopmail.com,Rosanne.Chrystel@gmail.com,police officer
453,Bobinette,Bow,Bobinette.Bow@yopmail.com,Bobinette.Bow@gmail.com,developer
454,Lorenza,Garek,Lorenza.Garek@yopmail.com,Lorenza.Garek@gmail.com,firefighter
455,Atlanta,Grosz,Atlanta.Grosz@yopmail.com,Atlanta.Grosz@gmail.com,firefighter
456,Bertine,Bendick,Bertine.Bendick@yopmail.com,Bertine.Bendick@gmail.com,worker
457,Agathe,Rudolph,Agathe.Rudolph@yopmail.com,Agathe.Rudolph@gmail.com,developer
458,Ottilie,Kazimir,Ottilie.Kazimir@yopmail.com,Ottilie.Kazimir@gmail.com,developer
459,Yvonne,Erlandson,Yvonne.Erlandson@yopmail.com,Yvonne.Erlandson@gmail.com,firefighter
460,Roz,Ashok,Roz.Ashok@yopmail.com,Roz.Ashok@gmail.com,firefighter
461,Ingrid,Sawtelle,Ingrid.Sawtelle@yopmail.com,Ingrid.Sawtelle@gmail.com,doctor
462,Roberta,Ethban,Roberta.Ethban@yopmail.com,Roberta.Ethban@gmail.com,worker
463,Linet,Masao,Linet.Masao@yopmail.com,Linet.Masao@gmail.com,firefighter
464,Dominga,Gemini,Dominga.Gemini@yopmail.com,Dominga.Gemini@gmail.com,police officer
465,Gerrie,Arley,Gerrie.Arley@yopmail.com,Gerrie.Arley@gmail.com,police officer
466,Augustine,Brieta,Augustine.Brieta@yopmail.com,Augustine.Brieta@gmail.com,worker
467,Ana,Clywd,Ana.Clywd@yopmail.com,Ana.Clywd@gmail.com,firefighter
468,Donetta,Jerold,Donetta.Jerold@yopmail.com,Donetta.Jerold@gmail.com,doctor
469,Penelopa,Loleta,Penelopa.Loleta@yopmail.com,Penelopa.Loleta@gmail.com,developer
470,Merci,Nickola,Merci.Nickola@yopmail.com,Merci.Nickola@gmail.com,police officer
471,Sophia,Helfand,Sophia.Helfand@yopmail.com,Sophia.Helfand@gmail.com,worker
472,Marline,Willie,Marline.Willie@yopmail.com,Marline.Willie@gmail.com,developer
473,Lelah,Izaak,Lelah.Izaak@yopmail.com,Lelah.Izaak@gmail.com,developer
474,Johna,Ilka,Johna.Ilka@yopmail.com,Johna.Ilka@gmail.com,police officer
475,Sheree,Khorma,Sheree.Khorma@yopmail.com,Sheree.Khorma@gmail.com,worker
476,Carly,Kazimir,Carly.Kazimir@yopmail.com,Carly.Kazimir@gmail.com,worker
477,Anica,Hepsibah,Anica.Hepsibah@yopmail.com,Anica.Hepsibah@gmail.com,developer
478,Jordan,Wadell,Jordan.Wadell@yopmail.com,Jordan.Wadell@gmail.com,firefighter
479,Chloris,Kylander,Chloris.Kylander@yopmail.com,Chloris.Kylander@gmail.com,police officer
480,Laure,Fiester,Laure.Fiester@yopmail.com,Laure.Fiester@gmail.com,firefighter
481,Deloria,Cristi,Deloria.Cristi@yopmail.com,Deloria.Cristi@gmail.com,police officer
482,Kittie,Boehike,Kittie.Boehike@yopmail.com,Kittie.Boehike@gmail.com,doctor
483,Laure,Chapland,Laure.Chapland@yopmail.com,Laure.Chapland@gmail.com,police officer
484,Caritta,Martguerita,Caritta.Martguerita@yopmail.com,Caritta.Martguerita@gmail.com,firefighter
485,Clementine,Peg,Clementine.Peg@yopmail.com,Clementine.Peg@gmail.com,firefighter
486,Jessamyn,Bettine,Jessamyn.Bettine@yopmail.com,Jessamyn.Bettine@gmail.com,worker
487,Merci,Raimondo,Merci.Raimondo@yopmail.com,Merci.Raimondo@gmail.com,police officer
488,Sue,Emanuel,Sue.Emanuel@yopmail.com,Sue.Emanuel@gmail.com,worker
489,Coral,Sophronia,Coral.Sophronia@yopmail.com,Coral.Sophronia@gmail.com,doctor
490,Nariko,Brittani,Nariko.Brittani@yopmail.com,Nariko.Brittani@gmail.com,developer
491,Oona,Millda,Oona.Millda@yopmail.com,Oona.Millda@gmail.com,firefighter
492,Kalina,Lacombe,Kalina.Lacombe@yopmail.com,Kalina.Lacombe@gmail.com,developer
493,Charmaine,Egbert,Charmaine.Egbert@yopmail.com,Charmaine.Egbert@gmail.com,police officer
494,Dari,Bertold,Dari.Bertold@yopmail.com,Dari.Bertold@gmail.com,firefighter
495,Darlleen,Pillsbury,Darlleen.Pillsbury@yopmail.com,Darlleen.Pillsbury@gmail.com,police officer
496,Frank,Saunderson,Frank.Saunderson@yopmail.com,Frank.Saunderson@gmail.com,developer
497,Karly,Nunci,Karly.Nunci@yopmail.com,Karly.Nunci@gmail.com,worker
498,Katleen,Llovera,Katleen.Llovera@yopmail.com,Katleen.Llovera@gmail.com,doctor
499,Marcy,Egbert,Marcy.Egbert@yopmail.com,Marcy.Egbert@gmail.com,police officer
500,Devina,Emanuel,Devina.Emanuel@yopmail.com,Devina.Emanuel@gmail.com,worker
501,Carmela,Bluh,Carmela.Bluh@yopmail.com,Carmela.Bluh@gmail.com,doctor
502,Marika,Jacobah,Marika.Jacobah@yopmail.com,Marika.Jacobah@gmail.com,firefighter
503,Jinny,Bury,Jinny.Bury@yopmail.com,Jinny.Bury@gmail.com,worker
504,Florencia,Ledah,Florencia.Ledah@yopmail.com,Florencia.Ledah@gmail.com,developer
505,Demetris,Pillsbury,Demetris.Pillsbury@yopmail.com,Demetris.Pillsbury@gmail.com,police officer
506,Carly,Loleta,Carly.Loleta@yopmail.com,Carly.Loleta@gmail.com,doctor
507,Siana,Strephon,Siana.Strephon@yopmail.com,Siana.Strephon@gmail.com,developer
508,Gratia,Ramona,Gratia.Ramona@yopmail.com,Gratia.Ramona@gmail.com,police officer
509,Camile,Dielu,Camile.Dielu@yopmail.com,Camile.Dielu@gmail.com,firefighter
510,Loree,Trey,Loree.Trey@yopmail.com,Loree.Trey@gmail.com,firefighter
511,Marti,Swigart,Marti.Swigart@yopmail.com,Marti.Swigart@gmail.com,police officer
512,Ursulina,Strephon,Ursulina.Strephon@yopmail.com,Ursulina.Strephon@gmail.com,worker
513,Stephanie,Erskine,Stephanie.Erskine@yopmail.com,Stephanie.Erskine@gmail.com,worker
514,Blondelle,Solitta,Blondelle.Solitta@yopmail.com,Blondelle.Solitta@gmail.com,developer
515,Florencia,Bendick,Florencia.Bendick@yopmail.com,Florencia.Bendick@gmail.com,worker
516,Candi,Astra,Candi.Astra@yopmail.com,Candi.Astra@gmail.com,doctor
517,Karolina,Buttaro,Karolina.Buttaro@yopmail.com,Karolina.Buttaro@gmail.com,police officer
518,Abbie,Devlen,Abbie.Devlen@yopmail.com,Abbie.Devlen@gmail.com,police officer
519,Tera,Georgy,Tera.Georgy@yopmail.com,Tera.Georgy@gmail.com,developer
520,Krystle,Salchunas,Krystle.Salchunas@yopmail.com,Krystle.Salchunas@gmail.com,developer
521,Sabina,Brieta,Sabina.Brieta@yopmail.com,Sabina.Brieta@gmail.com,doctor
522,Cordi,Hunfredo,Cordi.Hunfredo@yopmail.com,Cordi.Hunfredo@gmail.com,worker
523,Rubie,Ortrude,Rubie.Ortrude@yopmail.com,Rubie.Ortrude@gmail.com,worker
524,Inga,Hailee,Inga.Hailee@yopmail.com,Inga.Hailee@gmail.com,police officer
525,Rhoda,Cavan,Rhoda.Cavan@yopmail.com,Rhoda.Cavan@gmail.com,doctor
526,Alameda,Audly,Alameda.Audly@yopmail.com,Alameda.Audly@gmail.com,doctor
527,Daphne,Cherianne,Daphne.Cherianne@yopmail.com,Daphne.Cherianne@gmail.com,doctor
528,Harrietta,Helve,Harrietta.Helve@yopmail.com,Harrietta.Helve@gmail.com,developer
529,Neila,Genna,Neila.Genna@yopmail.com,Neila.Genna@gmail.com,doctor
530,Lanae,Doig,Lanae.Doig@yopmail.com,Lanae.Doig@gmail.com,police officer
531,Brena,An,Brena.An@yopmail.com,Brena.An@gmail.com,developer
532,Chloris,Hashim,Chloris.Hashim@yopmail.com,Chloris.Hashim@gmail.com,developer
533,Ricky,Goth,Ricky.Goth@yopmail.com,Ricky.Goth@gmail.com,police officer
534,Sallie,Harriman,Sallie.Harriman@yopmail.com,Sallie.Harriman@gmail.com,firefighter
535,Rosaline,Gherardo,Rosaline.Gherardo@yopmail.com,Rosaline.Gherardo@gmail.com,police officer
536,Chickie,Vale,Chickie.Vale@yopmail.com,Chickie.Vale@gmail.com,doctor
537,Loree,Thar,Loree.Thar@yopmail.com,Loree.Thar@gmail.com,worker
538,Tani,Calhoun,Tani.Calhoun@yopmail.com,Tani.Calhoun@gmail.com,police officer
539,Olwen,Neils,Olwen.Neils@yopmail.com,Olwen.Neils@gmail.com,worker
540,Anica,Nickola,Anica.Nickola@yopmail.com,Anica.Nickola@gmail.com,developer
541,Maud,Anyah,Maud.Anyah@yopmail.com,Maud.Anyah@gmail.com,doctor
542,Max,Charmine,Max.Charmine@yopmail.com,Max.Charmine@gmail.com,police officer
543,Tori,Timon,Tori.Timon@yopmail.com,Tori.Timon@gmail.com,developer
544,Leeanne,Dorcy,Leeanne.Dorcy@yopmail.com,Leeanne.Dorcy@gmail.com,firefighter
545,Layla,Love,Layla.Love@yopmail.com,Layla.Love@gmail.com,developer
546,Leeanne,Hull,Leeanne.Hull@yopmail.com,Leeanne.Hull@gmail.com,worker
547,Nyssa,Raul,Nyssa.Raul@yopmail.com,Nyssa.Raul@gmail.com,police officer
548,Riannon,Raychel,Riannon.Raychel@yopmail.com,Riannon.Raychel@gmail.com,doctor
549,Deirdre,Beebe,Deirdre.Beebe@yopmail.com,Deirdre.Beebe@gmail.com,developer
550,Ottilie,Janith,Ottilie.Janith@yopmail.com,Ottilie.Janith@gmail.com,developer
551,Halette,Schenck,Halette.Schenck@yopmail.com,Halette.Schenck@gmail.com,developer
552,Katuscha,Kinnard,Katuscha.Kinnard@yopmail.com,Katuscha.Kinnard@gmail.com,firefighter
553,Elyssa,Moseley,Elyssa.Moseley@yopmail.com,Elyssa.Moseley@gmail.com,doctor
554,Rubie,Darrell,Rubie.Darrell@yopmail.com,Rubie.Darrell@gmail.com,developer
555,Giustina,Bonucci,Giustina.Bonucci@yopmail.com,Giustina.Bonucci@gmail.com,doctor
556,Sandie,Birdella,Sandie.Birdella@yopmail.com,Sandie.Birdella@gmail.com,police officer
557,Audrie,Hubert,Audrie.Hubert@yopmail.com,Audrie.Hubert@gmail.com,developer
558,Pearline,Destinee,Pearline.Destinee@yopmail.com,Pearline.Destinee@gmail.com,police officer
559,Dawn,Himelman,Dawn.Himelman@yopmail.com,Dawn.Himelman@gmail.com,developer
560,Kamilah,Lia,Kamilah.Lia@yopmail.com,Kamilah.Lia@gmail.com,police officer
561,Marti,Skurnik,Marti.Skurnik@yopmail.com,Marti.Skurnik@gmail.com,developer
562,Sue,Stelle,Sue.Stelle@yopmail.com,Sue.Stelle@gmail.com,developer
563,Aryn,Creamer,Aryn.Creamer@yopmail.com,Aryn.Creamer@gmail.com,worker
564,Verla,Rillings,Verla.Rillings@yopmail.com,Verla.Rillings@gmail.com,doctor
565,Cyndie,Crudden,Cyndie.Crudden@yopmail.com,Cyndie.Crudden@gmail.com,doctor
566,Wynne,Bluh,Wynne.Bluh@yopmail.com,Wynne.Bluh@gmail.com,worker
567,Tarra,Georgy,Tarra.Georgy@yopmail.com,Tarra.Georgy@gmail.com,developer
568,Stevana,Hilbert,Stevana.Hilbert@yopmail.com,Stevana.Hilbert@gmail.com,worker
569,Concettina,Craggie,Concettina.Craggie@yopmail.com,Concettina.Craggie@gmail.com,police officer
570,Silvana,Docilla,Silvana.Docilla@yopmail.com,Silvana.Docilla@gmail.com,doctor
571,Elbertina,Magdalen,Elbertina.Magdalen@yopmail.com,Elbertina.Magdalen@gmail.com,police officer
572,Perry,Ricarda,Perry.Ricarda@yopmail.com,Perry.Ricarda@gmail.com,police officer
573,Teriann,Callista,Teriann.Callista@yopmail.com,Teriann.Callista@gmail.com,firefighter
574,Heddie,Gale,Heddie.Gale@yopmail.com,Heddie.Gale@gmail.com,firefighter
575,Ricky,Cassius,Ricky.Cassius@yopmail.com,Ricky.Cassius@gmail.com,police officer
576,Henriette,Lanita,Henriette.Lanita@yopmail.com,Henriette.Lanita@gmail.com,firefighter
577,Millie,Pattin,Millie.Pattin@yopmail.com,Millie.Pattin@gmail.com,developer
578,Netty,Garek,Netty.Garek@yopmail.com,Netty.Garek@gmail.com,firefighter
579,Kimberley,Edison,Kimberley.Edison@yopmail.com,Kimberley.Edison@gmail.com,worker
580,Beatriz,Cynar,Beatriz.Cynar@yopmail.com,Beatriz.Cynar@gmail.com,worker
581,Lanna,Celestine,Lanna.Celestine@yopmail.com,Lanna.Celestine@gmail.com,worker
582,Annecorinne,Ammann,Annecorinne.Ammann@yopmail.com,Annecorinne.Ammann@gmail.com,developer
583,Margette,Sharl,Margette.Sharl@yopmail.com,Margette.Sharl@gmail.com,worker
584,Dacia,Louanna,Dacia.Louanna@yopmail.com,Dacia.Louanna@gmail.com,police officer
585,Mildrid,Adrienne,Mildrid.Adrienne@yopmail.com,Mildrid.Adrienne@gmail.com,worker
586,Pamella,Munn,Pamella.Munn@yopmail.com,Pamella.Munn@gmail.com,doctor
587,Pierette,Elbertina,Pierette.Elbertina@yopmail.com,Pierette.Elbertina@gmail.com,doctor
588,Taffy,Jeanne,Taffy.Jeanne@yopmail.com,Taffy.Jeanne@gmail.com,worker
589,Rubie,Gombach,Rubie.Gombach@yopmail.com,Rubie.Gombach@gmail.com,firefighter
590,Gabriellia,Stav,Gabriellia.Stav@yopmail.com,Gabriellia.Stav@gmail.com,worker
591,Magdalena,Myrilla,Magdalena.Myrilla@yopmail.com,Magdalena.Myrilla@gmail.com,worker
592,Penelopa,Phi,Penelopa.Phi@yopmail.com,Penelopa.Phi@gmail.com,doctor
593,Caryl,Alexandr,Caryl.Alexandr@yopmail.com,Caryl.Alexandr@gmail.com,firefighter
594,Henriette,Cohdwell,Henriette.Cohdwell@yopmail.com,Henriette.Cohdwell@gmail.com,doctor
595,Fredericka,Adlare,Fredericka.Adlare@yopmail.com,Fredericka.Adlare@gmail.com,worker
596,Brietta,Frendel,Brietta.Frendel@yopmail.com,Brietta.Frendel@gmail.com,developer
597,Flory,Drisko,Flory.Drisko@yopmail.com,Flory.Drisko@gmail.com,developer
598,Gui,Japeth,Gui.Japeth@yopmail.com,Gui.Japeth@gmail.com,firefighter
599,Jean,Forrer,Jean.Forrer@yopmail.com,Jean.Forrer@gmail.com,worker
600,Britte,Lowry,Britte.Lowry@yopmail.com,Britte.Lowry@gmail.com,doctor
601,Kore,Mandler,Kore.Mandler@yopmail.com,Kore.Mandler@gmail.com,firefighter
602,Etta,Beniamino,Etta.Beniamino@yopmail.com,Etta.Beniamino@gmail.com,developer
603,Correy,Wolfgram,Correy.Wolfgram@yopmail.com,Correy.Wolfgram@gmail.com,police officer
604,Carolina,Hamil,Carolina.Hamil@yopmail.com,Carolina.Hamil@gmail.com,police officer
605,Dari,Colleen,Dari.Colleen@yopmail.com,Dari.Colleen@gmail.com,police officer
606,Vinita,Nicoline,Vinita.Nicoline@yopmail.com,Vinita.Nicoline@gmail.com,firefighter
607,Cacilie,Mallon,Cacilie.Mallon@yopmail.com,Cacilie.Mallon@gmail.com,police officer
608,Ernesta,Ellord,Ernesta.Ellord@yopmail.com,Ernesta.Ellord@gmail.com,developer
609,Millie,Llovera,Millie.Llovera@yopmail.com,Millie.Llovera@gmail.com,police officer
610,Andree,Valerio,Andree.Valerio@yopmail.com,Andree.Valerio@gmail.com,police officer
611,Perry,Thema,Perry.Thema@yopmail.com,Perry.Thema@gmail.com,police officer
612,Emilia,Linehan,Emilia.Linehan@yopmail.com,Emilia.Linehan@gmail.com,developer
613,Marguerite,Aldric,Marguerite.Aldric@yopmail.com,Marguerite.Aldric@gmail.com,worker
614,Malina,Mallon,Malina.Mallon@yopmail.com,Malina.Mallon@gmail.com,worker
615,Harrietta,Muriel,Harrietta.Muriel@yopmail.com,Harrietta.Muriel@gmail.com,doctor
616,Ermengarde,Guthrie,Ermengarde.Guthrie@yopmail.com,Ermengarde.Guthrie@gmail.com,doctor
617,Cathyleen,Dituri,Cathyleen.Dituri@yopmail.com,Cathyleen.Dituri@gmail.com,developer
618,Kara-Lynn,Nunci,Kara-Lynn.Nunci@yopmail.com,Kara-Lynn.Nunci@gmail.com,doctor
619,Katharina,Sprage,Katharina.Sprage@yopmail.com,Katharina.Sprage@gmail.com,police officer
620,Daphne,Annabella,Daphne.Annabella@yopmail.com,Daphne.Annabella@gmail.com,police officer
621,Eadie,Boycey,Eadie.Boycey@yopmail.com,Eadie.Boycey@gmail.com,developer
622,Angela,Tippets,Angela.Tippets@yopmail.com,Angela.Tippets@gmail.com,police officer
623,Susan,Khorma,Susan.Khorma@yopmail.com,Susan.Khorma@gmail.com,worker
624,Renae,Kronfeld,Renae.Kronfeld@yopmail.com,Renae.Kronfeld@gmail.com,doctor
625,Gwyneth,Pond,Gwyneth.Pond@yopmail.com,Gwyneth.Pond@gmail.com,police officer
626,Teriann,Cath,Teriann.Cath@yopmail.com,Teriann.Cath@gmail.com,worker
627,Sybille,Anestassia,Sybille.Anestassia@yopmail.com,Sybille.Anestassia@gmail.com,worker
628,June,Swanhildas,June.Swanhildas@yopmail.com,June.Swanhildas@gmail.com,police officer
629,Janenna,Isacco,Janenna.Isacco@yopmail.com,Janenna.Isacco@gmail.com,police officer
630,Marika,Dituri,Marika.Dituri@yopmail.com,Marika.Dituri@gmail.com,developer
631,Jemie,Swigart,Jemie.Swigart@yopmail.com,Jemie.Swigart@gmail.com,developer
632,Ilse,Gombach,Ilse.Gombach@yopmail.com,Ilse.Gombach@gmail.com,doctor
633,Carmela,Zeeba,Carmela.Zeeba@yopmail.com,Carmela.Zeeba@gmail.com,firefighter
634,Pierette,Pauly,Pierette.Pauly@yopmail.com,Pierette.Pauly@gmail.com,police officer
635,Sabina,Tomasina,Sabina.Tomasina@yopmail.com,Sabina.Tomasina@gmail.com,firefighter
636,Ronna,Iphlgenia,Ronna.Iphlgenia@yopmail.com,Ronna.Iphlgenia@gmail.com,worker
637,Meghann,Baptlsta,Meghann.Baptlsta@yopmail.com,Meghann.Baptlsta@gmail.com,developer
638,Darlleen,Mathilde,Darlleen.Mathilde@yopmail.com,Darlleen.Mathilde@gmail.com,firefighter
639,Cathie,Ambrosia,Cathie.Ambrosia@yopmail.com,Cathie.Ambrosia@gmail.com,worker
640,Kamilah,Claudine,Kamilah.Claudine@yopmail.com,Kamilah.Claudine@gmail.com,firefighter
641,Alia,Stoller,Alia.Stoller@yopmail.com,Alia.Stoller@gmail.com,doctor
642,Raf,Daegal,Raf.Daegal@yopmail.com,Raf.Daegal@gmail.com,firefighter
643,Delilah,Nore,Delilah.Nore@yopmail.com,Delilah.Nore@gmail.com,doctor
644,Maud,Arvo,Maud.Arvo@yopmail.com,Maud.Arvo@gmail.com,developer
645,Gui,Lalitta,Gui.Lalitta@yopmail.com,Gui.Lalitta@gmail.com,doctor
646,Barbara,Center,Barbara.Center@yopmail.com,Barbara.Center@gmail.com,police officer
647,Bibby,Durware,Bibby.Durware@yopmail.com,Bibby.Durware@gmail.com,doctor
648,Jolyn,Lynn,Jolyn.Lynn@yopmail.com,Jolyn.Lynn@gmail.com,worker
649,Pamella,Magnolia,Pamella.Magnolia@yopmail.com,Pamella.Magnolia@gmail.com,police officer
650,Dulce,Hermes,Dulce.Hermes@yopmail.com,Dulce.Hermes@gmail.com,doctor
651,Coral,Wyn,Coral.Wyn@yopmail.com,Coral.Wyn@gmail.com,developer
652,Kary,Cohdwell,Kary.Cohdwell@yopmail.com,Kary.Cohdwell@gmail.com,doctor
653,Florie,Olin,Florie.Olin@yopmail.com,Florie.Olin@gmail.com,worker
654,Cindelyn,Chick,Cindelyn.Chick@yopmail.com,Cindelyn.Chick@gmail.com,doctor
655,Blake,Firmin,Blake.Firmin@yopmail.com,Blake.Firmin@gmail.com,worker
656,Anestassia,Talia,Anestassia.Talia@yopmail.com,Anestassia.Talia@gmail.com,worker
657,Jany,Colyer,Jany.Colyer@yopmail.com,Jany.Colyer@gmail.com,worker
658,Wileen,Egbert,Wileen.Egbert@yopmail.com,Wileen.Egbert@gmail.com,firefighter
659,Kaja,Zola,Kaja.Zola@yopmail.com,Kaja.Zola@gmail.com,developer
660,Brietta,Ephrem,Brietta.Ephrem@yopmail.com,Brietta.Ephrem@gmail.com,police officer
661,Shannah,Justinn,Shannah.Justinn@yopmail.com,Shannah.Justinn@gmail.com,firefighter
662,Charlena,Kylander,Charlena.Kylander@yopmail.com,Charlena.Kylander@gmail.com,worker
663,Merrie,Malanie,Merrie.Malanie@yopmail.com,Merrie.Malanie@gmail.com,doctor
664,Donnie,Sperling,Donnie.Sperling@yopmail.com,Donnie.Sperling@gmail.com,firefighter
665,Hollie,Durante,Hollie.Durante@yopmail.com,Hollie.Durante@gmail.com,firefighter
666,Farrah,Regan,Farrah.Regan@yopmail.com,Farrah.Regan@gmail.com,worker
667,Atlanta,Rad,Atlanta.Rad@yopmail.com,Atlanta.Rad@gmail.com,police officer
668,Shauna,Vale,Shauna.Vale@yopmail.com,Shauna.Vale@gmail.com,worker
669,Celestyna,Bronk,Celestyna.Bronk@yopmail.com,Celestyna.Bronk@gmail.com,developer
670,Imojean,Stuart,Imojean.Stuart@yopmail.com,Imojean.Stuart@gmail.com,police officer
671,Chandra,Bertold,Chandra.Bertold@yopmail.com,Chandra.Bertold@gmail.com,police officer
672,Cindelyn,Ludewig,Cindelyn.Ludewig@yopmail.com,Cindelyn.Ludewig@gmail.com,doctor
673,Mamie,Ardra,Mamie.Ardra@yopmail.com,Mamie.Ardra@gmail.com,worker
674,Zondra,Rhu,Zondra.Rhu@yopmail.com,Zondra.Rhu@gmail.com,firefighter
675,Luci,Shirberg,Luci.Shirberg@yopmail.com,Luci.Shirberg@gmail.com,police officer
676,Valera,O'Neill,Valera.O'Neill@yopmail.com,Valera.O'Neill@gmail.com,developer
677,Brandise,Edvard,Brandise.Edvard@yopmail.com,Brandise.Edvard@gmail.com,firefighter
678,Edyth,Leifeste,Edyth.Leifeste@yopmail.com,Edyth.Leifeste@gmail.com,police officer
679,Di,Franza,Di.Franza@yopmail.com,Di.Franza@gmail.com,worker
680,Maryellen,Beebe,Maryellen.Beebe@yopmail.com,Maryellen.Beebe@gmail.com,firefighter
681,Maud,Philipp,Maud.Philipp@yopmail.com,Maud.Philipp@gmail.com,worker
682,Adriana,Poll,Adriana.Poll@yopmail.com,Adriana.Poll@gmail.com,developer
683,Paule,Isacco,Paule.Isacco@yopmail.com,Paule.Isacco@gmail.com,firefighter
684,Magdalena,Romelda,Magdalena.Romelda@yopmail.com,Magdalena.Romelda@gmail.com,firefighter
685,Helsa,Stephie,Helsa.Stephie@yopmail.com,Helsa.Stephie@gmail.com,worker
686,Lelah,Sundin,Lelah.Sundin@yopmail.com,Lelah.Sundin@gmail.com,doctor
687,Mady,Hillel,Mady.Hillel@yopmail.com,Mady.Hillel@gmail.com,firefighter
688,Joelly,Kaete,Joelly.Kaete@yopmail.com,Joelly.Kaete@gmail.com,police officer
689,Leona,Brackely,Leona.Brackely@yopmail.com,Leona.Brackely@gmail.com,developer
690,Anica,Bettine,Anica.Bettine@yopmail.com,Anica.Bettine@gmail.com,developer
691,Magdalena,Adlare,Magdalena.Adlare@yopmail.com,Magdalena.Adlare@gmail.com,doctor
692,Tracey,Noam,Tracey.Noam@yopmail.com,Tracey.Noam@gmail.com,worker
693,Karena,Georgy,Karena.Georgy@yopmail.com,Karena.Georgy@gmail.com,doctor
694,Helsa,Rosette,Helsa.Rosette@yopmail.com,Helsa.Rosette@gmail.com,police officer
695,Alisha,Korey,Alisha.Korey@yopmail.com,Alisha.Korey@gmail.com,firefighter
696,Helsa,Lytton,Helsa.Lytton@yopmail.com,Helsa.Lytton@gmail.com,worker
697,Corry,Vharat,Corry.Vharat@yopmail.com,Corry.Vharat@gmail.com,firefighter
698,Carlie,Ulphia,Carlie.Ulphia@yopmail.com,Carlie.Ulphia@gmail.com,police officer
699,Maurene,Eachern,Maurene.Eachern@yopmail.com,Maurene.Eachern@gmail.com,firefighter
700,Ellette,Pelagias,Ellette.Pelagias@yopmail.com,Ellette.Pelagias@gmail.com,doctor
701,Leanna,Kolnick,Leanna.Kolnick@yopmail.com,Leanna.Kolnick@gmail.com,worker
702,Gabriellia,Teddman,Gabriellia.Teddman@yopmail.com,Gabriellia.Teddman@gmail.com,developer
703,Collen,Casimir,Collen.Casimir@yopmail.com,Collen.Casimir@gmail.com,developer
704,Janey,Katrine,Janey.Katrine@yopmail.com,Janey.Katrine@gmail.com,police officer
705,Natka,Ricki,Natka.Ricki@yopmail.com,Natka.Ricki@gmail.com,developer
706,Caryl,Harl,Caryl.Harl@yopmail.com,Caryl.Harl@gmail.com,worker
707,Zsa Zsa,Shields,Zsa Zsa.Shields@yopmail.com,Zsa Zsa.Shields@gmail.com,firefighter
708,Amelia,Kannry,Amelia.Kannry@yopmail.com,Amelia.Kannry@gmail.com,worker
709,Sashenka,Kylander,Sashenka.Kylander@yopmail.com,Sashenka.Kylander@gmail.com,firefighter
710,Fredericka,Burkle,Fredericka.Burkle@yopmail.com,Fredericka.Burkle@gmail.com,police officer
711,Nikki,Carbo,Nikki.Carbo@yopmail.com,Nikki.Carbo@gmail.com,doctor
712,Susette,Stoller,Susette.Stoller@yopmail.com,Susette.Stoller@gmail.com,doctor
713,Merrie,Zetta,Merrie.Zetta@yopmail.com,Merrie.Zetta@gmail.com,doctor
714,Betta,O'Neill,Betta.O'Neill@yopmail.com,Betta.O'Neill@gmail.com,doctor
715,Jean,Ahab,Jean.Ahab@yopmail.com,Jean.Ahab@gmail.com,police officer
716,Marika,Alva,Marika.Alva@yopmail.com,Marika.Alva@gmail.com,developer
717,Bibby,Lasley,Bibby.Lasley@yopmail.com,Bibby.Lasley@gmail.com,police officer
718,Nerta,Quinn,Nerta.Quinn@yopmail.com,Nerta.Quinn@gmail.com,firefighter
719,Dione,Susannah,Dione.Susannah@yopmail.com,Dione.Susannah@gmail.com,worker
720,Margalo,Latini,Margalo.Latini@yopmail.com,Margalo.Latini@gmail.com,doctor
721,Jorry,Telfer,Jorry.Telfer@yopmail.com,Jorry.Telfer@gmail.com,worker
722,Valeda,Kimmie,Valeda.Kimmie@yopmail.com,Valeda.Kimmie@gmail.com,doctor
723,Rani,Cecile,Rani.Cecile@yopmail.com,Rani.Cecile@gmail.com,firefighter
724,Jinny,Modie,Jinny.Modie@yopmail.com,Jinny.Modie@gmail.com,firefighter
725,Karolina,Sasnett,Karolina.Sasnett@yopmail.com,Karolina.Sasnett@gmail.com,worker
726,Lory,Afton,Lory.Afton@yopmail.com,Lory.Afton@gmail.com,police officer
727,Ileana,Fiester,Ileana.Fiester@yopmail.com,Ileana.Fiester@gmail.com,doctor
728,Aaren,Isacco,Aaren.Isacco@yopmail.com,Aaren.Isacco@gmail.com,police officer
729,Ellette,Genna,Ellette.Genna@yopmail.com,Ellette.Genna@gmail.com,police officer
730,Kimberley,Valoniah,Kimberley.Valoniah@yopmail.com,Kimberley.Valoniah@gmail.com,worker
731,Jacenta,Buffum,Jacenta.Buffum@yopmail.com,Jacenta.Buffum@gmail.com,developer
732,Valeda,Guildroy,Valeda.Guildroy@yopmail.com,Valeda.Guildroy@gmail.com,firefighter
733,Gale,Christine,Gale.Christine@yopmail.com,Gale.Christine@gmail.com,firefighter
734,Willetta,Sancho,Willetta.Sancho@yopmail.com,Willetta.Sancho@gmail.com,firefighter
735,Etta,Juan,Etta.Juan@yopmail.com,Etta.Juan@gmail.com,police officer
736,Keelia,Swigart,Keelia.Swigart@yopmail.com,Keelia.Swigart@gmail.com,developer
737,Winifred,Thilda,Winifred.Thilda@yopmail.com,Winifred.Thilda@gmail.com,worker
738,Rosene,Wenda,Rosene.Wenda@yopmail.com,Rosene.Wenda@gmail.com,worker
739,Alex,Yate,Alex.Yate@yopmail.com,Alex.Yate@gmail.com,developer
740,Carly,Mallon,Carly.Mallon@yopmail.com,Carly.Mallon@gmail.com,developer
741,Gusella,Lamoree,Gusella.Lamoree@yopmail.com,Gusella.Lamoree@gmail.com,worker
742,Ginnie,Ries,Ginnie.Ries@yopmail.com,Ginnie.Ries@gmail.com,developer
743,Tybie,Skell,Tybie.Skell@yopmail.com,Tybie.Skell@gmail.com,police officer
744,Ruthe,Orelee,Ruthe.Orelee@yopmail.com,Ruthe.Orelee@gmail.com,worker
745,Louella,Euridice,Louella.Euridice@yopmail.com,Louella.Euridice@gmail.com,police officer
746,Joane,Lamoree,Joane.Lamoree@yopmail.com,Joane.Lamoree@gmail.com,developer
747,Debee,Harned,Debee.Harned@yopmail.com,Debee.Harned@gmail.com,developer
748,Barbi,Erminia,Barbi.Erminia@yopmail.com,Barbi.Erminia@gmail.com,worker
749,Gertrud,Garbe,Gertrud.Garbe@yopmail.com,Gertrud.Garbe@gmail.com,firefighter
750,Helsa,Quent,Helsa.Quent@yopmail.com,Helsa.Quent@gmail.com,police officer
751,Noelle,Waite,Noelle.Waite@yopmail.com,Noelle.Waite@gmail.com,police officer
752,Malina,Aprile,Malina.Aprile@yopmail.com,Malina.Aprile@gmail.com,doctor
753,Moyna,Read,Moyna.Read@yopmail.com,Moyna.Read@gmail.com,worker
754,Jerry,Forrer,Jerry.Forrer@yopmail.com,Jerry.Forrer@gmail.com,doctor
755,Teriann,Keelia,Teriann.Keelia@yopmail.com,Teriann.Keelia@gmail.com,worker
756,Beth,Nikaniki,Beth.Nikaniki@yopmail.com,Beth.Nikaniki@gmail.com,developer
757,Odessa,Hull,Odessa.Hull@yopmail.com,Odessa.Hull@gmail.com,firefighter
758,Elie,Mallon,Elie.Mallon@yopmail.com,Elie.Mallon@gmail.com,developer
759,Cristabel,Donoghue,Cristabel.Donoghue@yopmail.com,Cristabel.Donoghue@gmail.com,worker
760,Blondelle,Armanda,Blondelle.Armanda@yopmail.com,Blondelle.Armanda@gmail.com,developer
761,Gretal,Libna,Gretal.Libna@yopmail.com,Gretal.Libna@gmail.com,developer
762,Ernesta,Cimbura,Ernesta.Cimbura@yopmail.com,Ernesta.Cimbura@gmail.com,worker
763,Beth,Seumas,Beth.Seumas@yopmail.com,Beth.Seumas@gmail.com,worker
764,Amelia,Gaynor,Amelia.Gaynor@yopmail.com,Amelia.Gaynor@gmail.com,police officer
765,Gratia,Kathie,Gratia.Kathie@yopmail.com,Gratia.Kathie@gmail.com,developer
766,Cassondra,Ax,Cassondra.Ax@yopmail.com,Cassondra.Ax@gmail.com,doctor
767,Lonnie,Bendick,Lonnie.Bendick@yopmail.com,Lonnie.Bendick@gmail.com,firefighter
768,Deloria,Sabella,Deloria.Sabella@yopmail.com,Deloria.Sabella@gmail.com,developer
769,Lauryn,Kirbee,Lauryn.Kirbee@yopmail.com,Lauryn.Kirbee@gmail.com,police officer
770,Alisha,Quinn,Alisha.Quinn@yopmail.com,Alisha.Quinn@gmail.com,firefighter
771,Maisey,Secrest,Maisey.Secrest@yopmail.com,Maisey.Secrest@gmail.com,firefighter
772,Judy,Sasnett,Judy.Sasnett@yopmail.com,Judy.Sasnett@gmail.com,worker
773,Peri,Viddah,Peri.Viddah@yopmail.com,Peri.Viddah@gmail.com,worker
774,Maridel,Nunci,Maridel.Nunci@yopmail.com,Maridel.Nunci@gmail.com,developer
775,Leanna,Fabiola,Leanna.Fabiola@yopmail.com,Leanna.Fabiola@gmail.com,developer
776,Merry,Carmena,Merry.Carmena@yopmail.com,Merry.Carmena@gmail.com,police officer
777,Di,Kaja,Di.Kaja@yopmail.com,Di.Kaja@gmail.com,developer
778,Elbertina,Anyah,Elbertina.Anyah@yopmail.com,Elbertina.Anyah@gmail.com,worker
779,Demetris,Judye,Demetris.Judye@yopmail.com,Demetris.Judye@gmail.com,worker
780,Corene,Virgin,Corene.Virgin@yopmail.com,Corene.Virgin@gmail.com,worker
781,Kirbee,Barrus,Kirbee.Barrus@yopmail.com,Kirbee.Barrus@gmail.com,developer
782,Andree,Georgy,Andree.Georgy@yopmail.com,Andree.Georgy@gmail.com,firefighter
783,Alleen,Bluh,Alleen.Bluh@yopmail.com,Alleen.Bluh@gmail.com,firefighter
784,Edith,LaRue,Edith.LaRue@yopmail.com,Edith.LaRue@gmail.com,police officer
785,Sherrie,Fairweather,Sherrie.Fairweather@yopmail.com,Sherrie.Fairweather@gmail.com,doctor
786,Brandise,Burkle,Brandise.Burkle@yopmail.com,Brandise.Burkle@gmail.com,doctor
787,Britte,Lail,Britte.Lail@yopmail.com,Britte.Lail@gmail.com,police officer
788,Daune,Randene,Daune.Randene@yopmail.com,Daune.Randene@gmail.com,firefighter
789,Viki,Pyle,Viki.Pyle@yopmail.com,Viki.Pyle@gmail.com,firefighter
790,Katuscha,Lumbard,Katuscha.Lumbard@yopmail.com,Katuscha.Lumbard@gmail.com,doctor
791,Meghann,Suk,Meghann.Suk@yopmail.com,Meghann.Suk@gmail.com,developer
792,Roxane,Raimondo,Roxane.Raimondo@yopmail.com,Roxane.Raimondo@gmail.com,worker
793,Amalie,Ivens,Amalie.Ivens@yopmail.com,Amalie.Ivens@gmail.com,firefighter
794,Joy,Gino,Joy.Gino@yopmail.com,Joy.Gino@gmail.com,police officer
795,Gilda,Hubert,Gilda.Hubert@yopmail.com,Gilda.Hubert@gmail.com,firefighter
796,Clary,Lea,Clary.Lea@yopmail.com,Clary.Lea@gmail.com,firefighter
797,Reeba,Destinee,Reeba.Destinee@yopmail.com,Reeba.Destinee@gmail.com,police officer
798,Vere,Latini,Vere.Latini@yopmail.com,Vere.Latini@gmail.com,police officer
799,Gloria,Alisia,Gloria.Alisia@yopmail.com,Gloria.Alisia@gmail.com,worker
800,Ayn,Oriana,Ayn.Oriana@yopmail.com,Ayn.Oriana@gmail.com,developer
801,Krystle,August,Krystle.August@yopmail.com,Krystle.August@gmail.com,doctor
802,Malina,Edvard,Malina.Edvard@yopmail.com,Malina.Edvard@gmail.com,doctor
803,Laure,Nester,Laure.Nester@yopmail.com,Laure.Nester@gmail.com,developer
804,Karlee,Bates,Karlee.Bates@yopmail.com,Karlee.Bates@gmail.com,police officer
805,Katharina,Bow,Katharina.Bow@yopmail.com,Katharina.Bow@gmail.com,firefighter
806,Alleen,Ferrell,Alleen.Ferrell@yopmail.com,Alleen.Ferrell@gmail.com,police officer
807,Margarette,Sekofski,Margarette.Sekofski@yopmail.com,Margarette.Sekofski@gmail.com,developer
808,Sindee,Hepsibah,Sindee.Hepsibah@yopmail.com,Sindee.Hepsibah@gmail.com,doctor
809,Wilma,Meli,Wilma.Meli@yopmail.com,Wilma.Meli@gmail.com,worker
810,Henriette,Hedve,Henriette.Hedve@yopmail.com,Henriette.Hedve@gmail.com,firefighter
811,Linzy,Juan,Linzy.Juan@yopmail.com,Linzy.Juan@gmail.com,developer
812,Ana,Salvidor,Ana.Salvidor@yopmail.com,Ana.Salvidor@gmail.com,doctor
813,Helsa,Zola,Helsa.Zola@yopmail.com,Helsa.Zola@gmail.com,police officer
814,Genevra,Boehike,Genevra.Boehike@yopmail.com,Genevra.Boehike@gmail.com,developer
815,Misha,Couture,Misha.Couture@yopmail.com,Misha.Couture@gmail.com,doctor
816,Sheelagh,Viddah,Sheelagh.Viddah@yopmail.com,Sheelagh.Viddah@gmail.com,worker
817,Zondra,Ummersen,Zondra.Ummersen@yopmail.com,Zondra.Ummersen@gmail.com,firefighter
818,Glenda,Wallis,Glenda.Wallis@yopmail.com,Glenda.Wallis@gmail.com,developer
819,Diena,Simmonds,Diena.Simmonds@yopmail.com,Diena.Simmonds@gmail.com,police officer
820,Jackie,Billye,Jackie.Billye@yopmail.com,Jackie.Billye@gmail.com,doctor
821,Phedra,Clywd,Phedra.Clywd@yopmail.com,Phedra.Clywd@gmail.com,worker
822,Jere,Alwin,Jere.Alwin@yopmail.com,Jere.Alwin@gmail.com,firefighter
823,Daryl,Donoghue,Daryl.Donoghue@yopmail.com,Daryl.Donoghue@gmail.com,worker
824,Justinn,Vernier,Justinn.Vernier@yopmail.com,Justinn.Vernier@gmail.com,doctor
825,Ethel,Simmonds,Ethel.Simmonds@yopmail.com,Ethel.Simmonds@gmail.com,developer
826,Merrie,Mich,Merrie.Mich@yopmail.com,Merrie.Mich@gmail.com,worker
827,Annabela,Emmaline,Annabela.Emmaline@yopmail.com,Annabela.Emmaline@gmail.com,police officer
828,Tera,Sparhawk,Tera.Sparhawk@yopmail.com,Tera.Sparhawk@gmail.com,developer
829,Mariann,Libna,Mariann.Libna@yopmail.com,Mariann.Libna@gmail.com,firefighter
830,Annaliese,Bates,Annaliese.Bates@yopmail.com,Annaliese.Bates@gmail.com,worker
831,Asia,Even,Asia.Even@yopmail.com,Asia.Even@gmail.com,firefighter
832,Allis,Fairweather,Allis.Fairweather@yopmail.com,Allis.Fairweather@gmail.com,worker
833,Melodie,Diann,Melodie.Diann@yopmail.com,Melodie.Diann@gmail.com,worker
834,Althea,Morgun,Althea.Morgun@yopmail.com,Althea.Morgun@gmail.com,firefighter
835,Adelle,Gilmour,Adelle.Gilmour@yopmail.com,Adelle.Gilmour@gmail.com,police officer
836,Millie,Cutlerr,Millie.Cutlerr@yopmail.com,Millie.Cutlerr@gmail.com,doctor
837,Jobi,Saree,Jobi.Saree@yopmail.com,Jobi.Saree@gmail.com,doctor
838,Elfreda,Paine,Elfreda.Paine@yopmail.com,Elfreda.Paine@gmail.com,worker
839,Lexine,Teryn,Lexine.Teryn@yopmail.com,Lexine.Teryn@gmail.com,developer
840,Gabi,Roumell,Gabi.Roumell@yopmail.com,Gabi.Roumell@gmail.com,worker
841,Joleen,Jacqui,Joleen.Jacqui@yopmail.com,Joleen.Jacqui@gmail.com,worker
842,Ginnie,Kosey,Ginnie.Kosey@yopmail.com,Ginnie.Kosey@gmail.com,firefighter
843,Dione,Clarissa,Dione.Clarissa@yopmail.com,Dione.Clarissa@gmail.com,police officer
844,Anallese,Cullin,Anallese.Cullin@yopmail.com,Anallese.Cullin@gmail.com,police officer
845,Nicoli,Alice,Nicoli.Alice@yopmail.com,Nicoli.Alice@gmail.com,doctor
846,Fred,Nedrud,Fred.Nedrud@yopmail.com,Fred.Nedrud@gmail.com,police officer
847,Dione,Freddi,Dione.Freddi@yopmail.com,Dione.Freddi@gmail.com,worker
848,Ebonee,Karylin,Ebonee.Karylin@yopmail.com,Ebonee.Karylin@gmail.com,doctor
849,Annaliese,Lesley,Annaliese.Lesley@yopmail.com,Annaliese.Lesley@gmail.com,police officer
850,Concettina,Newell,Concettina.Newell@yopmail.com,Concettina.Newell@gmail.com,doctor
851,Queenie,Shuler,Queenie.Shuler@yopmail.com,Queenie.Shuler@gmail.com,police officer
852,Eve,Quent,Eve.Quent@yopmail.com,Eve.Quent@gmail.com,worker
853,Regina,Shaddock,Regina.Shaddock@yopmail.com,Regina.Shaddock@gmail.com,doctor
854,Kathy,Tomasina,Kathy.Tomasina@yopmail.com,Kathy.Tomasina@gmail.com,firefighter
855,Chrystel,Casimir,Chrystel.Casimir@yopmail.com,Chrystel.Casimir@gmail.com,developer
856,Brana,Ursulette,Brana.Ursulette@yopmail.com,Brana.Ursulette@gmail.com,worker
857,Alex,Thad,Alex.Thad@yopmail.com,Alex.Thad@gmail.com,doctor
858,Andeee,Bari,Andeee.Bari@yopmail.com,Andeee.Bari@gmail.com,police officer
859,Mahalia,Tacye,Mahalia.Tacye@yopmail.com,Mahalia.Tacye@gmail.com,developer
860,Melisent,Cleo,Melisent.Cleo@yopmail.com,Melisent.Cleo@gmail.com,developer
861,Nanete,Linehan,Nanete.Linehan@yopmail.com,Nanete.Linehan@gmail.com,firefighter
862,Tierney,Ackerley,Tierney.Ackerley@yopmail.com,Tierney.Ackerley@gmail.com,police officer
863,Gwyneth,Han,Gwyneth.Han@yopmail.com,Gwyneth.Han@gmail.com,worker
864,Shirlee,Raychel,Shirlee.Raychel@yopmail.com,Shirlee.Raychel@gmail.com,worker
865,Adore,Toffic,Adore.Toffic@yopmail.com,Adore.Toffic@gmail.com,worker
866,Sherrie,Faust,Sherrie.Faust@yopmail.com,Sherrie.Faust@gmail.com,developer
867,Belinda,Wooster,Belinda.Wooster@yopmail.com,Belinda.Wooster@gmail.com,worker
868,Fayre,Burch,Fayre.Burch@yopmail.com,Fayre.Burch@gmail.com,doctor
869,Celestyna,Schlosser,Celestyna.Schlosser@yopmail.com,Celestyna.Schlosser@gmail.com,police officer
870,Fanchon,Jerold,Fanchon.Jerold@yopmail.com,Fanchon.Jerold@gmail.com,firefighter
871,Kristina,Carleen,Kristina.Carleen@yopmail.com,Kristina.Carleen@gmail.com,police officer
872,Kate,Ventre,Kate.Ventre@yopmail.com,Kate.Ventre@gmail.com,worker
873,Tressa,Artie,Tressa.Artie@yopmail.com,Tressa.Artie@gmail.com,worker
874,Renie,Egbert,Renie.Egbert@yopmail.com,Renie.Egbert@gmail.com,police officer
875,Mahalia,Weitman,Mahalia.Weitman@yopmail.com,Mahalia.Weitman@gmail.com,developer
876,Chloris,Darrell,Chloris.Darrell@yopmail.com,Chloris.Darrell@gmail.com,worker
877,Augustine,Frendel,Augustine.Frendel@yopmail.com,Augustine.Frendel@gmail.com,doctor
878,Gusella,Francene,Gusella.Francene@yopmail.com,Gusella.Francene@gmail.com,police officer
879,Heida,Bollay,Heida.Bollay@yopmail.com,Heida.Bollay@gmail.com,worker
880,Sam,Ricki,Sam.Ricki@yopmail.com,Sam.Ricki@gmail.com,firefighter
881,Bobinette,Idelia,Bobinette.Idelia@yopmail.com,Bobinette.Idelia@gmail.com,developer
882,Beatriz,Bluh,Beatriz.Bluh@yopmail.com,Beatriz.Bluh@gmail.com,doctor
883,Bobbi,Tannie,Bobbi.Tannie@yopmail.com,Bobbi.Tannie@gmail.com,worker
884,Rosanne,Jerald,Rosanne.Jerald@yopmail.com,Rosanne.Jerald@gmail.com,firefighter
885,Leona,Margret,Leona.Margret@yopmail.com,Leona.Margret@gmail.com,police officer
886,Di,Rona,Di.Rona@yopmail.com,Di.Rona@gmail.com,firefighter
887,Celisse,Robertson,Celisse.Robertson@yopmail.com,Celisse.Robertson@gmail.com,firefighter
888,Aryn,Dituri,Aryn.Dituri@yopmail.com,Aryn.Dituri@gmail.com,worker
889,Cacilie,Virgin,Cacilie.Virgin@yopmail.com,Cacilie.Virgin@gmail.com,doctor
890,Nelle,Shirberg,Nelle.Shirberg@yopmail.com,Nelle.Shirberg@gmail.com,doctor
891,Marylou,Sheedy,Marylou.Sheedy@yopmail.com,Marylou.Sheedy@gmail.com,worker
892,Ashlee,Waite,Ashlee.Waite@yopmail.com,Ashlee.Waite@gmail.com,firefighter
893,Lisette,Valoniah,Lisette.Valoniah@yopmail.com,Lisette.Valoniah@gmail.com,worker
894,Tilly,Herrera,Tilly.Herrera@yopmail.com,Tilly.Herrera@gmail.com,worker
895,Beverley,Lunsford,Beverley.Lunsford@yopmail.com,Beverley.Lunsford@gmail.com,worker
896,Aimil,Juan,Aimil.Juan@yopmail.com,Aimil.Juan@gmail.com,doctor
897,Kristan,Evangelia,Kristan.Evangelia@yopmail.com,Kristan.Evangelia@gmail.com,developer
898,Chloris,Mauer,Chloris.Mauer@yopmail.com,Chloris.Mauer@gmail.com,worker
899,Nananne,Ardra,Nananne.Ardra@yopmail.com,Nananne.Ardra@gmail.com,firefighter
900,Chickie,Latini,Chickie.Latini@yopmail.com,Chickie.Latini@gmail.com,developer
901,Nikki,Japeth,Nikki.Japeth@yopmail.com,Nikki.Japeth@gmail.com,worker
902,Jaclyn,Creamer,Jaclyn.Creamer@yopmail.com,Jaclyn.Creamer@gmail.com,firefighter
903,Goldie,Ummersen,Goldie.Ummersen@yopmail.com,Goldie.Ummersen@gmail.com,worker
904,Jacquetta,Mike,Jacquetta.Mike@yopmail.com,Jacquetta.Mike@gmail.com,firefighter
905,Florencia,Couture,Florencia.Couture@yopmail.com,Florencia.Couture@gmail.com,developer
906,Nariko,Arathorn,Nariko.Arathorn@yopmail.com,Nariko.Arathorn@gmail.com,doctor
907,Evaleen,Reneta,Evaleen.Reneta@yopmail.com,Evaleen.Reneta@gmail.com,developer
908,Nannie,Obed,Nannie.Obed@yopmail.com,Nannie.Obed@gmail.com,firefighter
909,Deane,Lenny,Deane.Lenny@yopmail.com,Deane.Lenny@gmail.com,doctor
910,Netty,Seessel,Netty.Seessel@yopmail.com,Netty.Seessel@gmail.com,doctor
911,Iseabal,Edison,Iseabal.Edison@yopmail.com,Iseabal.Edison@gmail.com,worker
912,Mireielle,Bonilla,Mireielle.Bonilla@yopmail.com,Mireielle.Bonilla@gmail.com,police officer
913,Dianemarie,Delacourt,Dianemarie.Delacourt@yopmail.com,Dianemarie.Delacourt@gmail.com,firefighter
914,Nannie,Japeth,Nannie.Japeth@yopmail.com,Nannie.Japeth@gmail.com,worker
915,Kore,Chapland,Kore.Chapland@yopmail.com,Kore.Chapland@gmail.com,doctor
916,Chickie,Kesley,Chickie.Kesley@yopmail.com,Chickie.Kesley@gmail.com,developer
917,Corry,Nisbet,Corry.Nisbet@yopmail.com,Corry.Nisbet@gmail.com,firefighter
918,Kellen,Evangelia,Kellen.Evangelia@yopmail.com,Kellen.Evangelia@gmail.com,developer
919,Christal,Bibi,Christal.Bibi@yopmail.com,Christal.Bibi@gmail.com,developer
920,Brana,Garek,Brana.Garek@yopmail.com,Brana.Garek@gmail.com,doctor
921,Larine,Lia,Larine.Lia@yopmail.com,Larine.Lia@gmail.com,worker
922,Eolanda,Levey,Eolanda.Levey@yopmail.com,Eolanda.Levey@gmail.com,doctor
923,Courtnay,Genna,Courtnay.Genna@yopmail.com,Courtnay.Genna@gmail.com,developer
924,Ilse,Monk,Ilse.Monk@yopmail.com,Ilse.Monk@gmail.com,worker
925,Abbie,Even,Abbie.Even@yopmail.com,Abbie.Even@gmail.com,firefighter
926,Lily,Bahr,Lily.Bahr@yopmail.com,Lily.Bahr@gmail.com,worker
927,Lindie,Nore,Lindie.Nore@yopmail.com,Lindie.Nore@gmail.com,police officer
928,Dede,Brittani,Dede.Brittani@yopmail.com,Dede.Brittani@gmail.com,doctor
929,Karena,Rosette,Karena.Rosette@yopmail.com,Karena.Rosette@gmail.com,firefighter
930,Ebonee,Devlen,Ebonee.Devlen@yopmail.com,Ebonee.Devlen@gmail.com,worker
931,Lizzie,Fiester,Lizzie.Fiester@yopmail.com,Lizzie.Fiester@gmail.com,worker
932,Minne,Tamsky,Minne.Tamsky@yopmail.com,Minne.Tamsky@gmail.com,developer
933,Mary,Merell,Mary.Merell@yopmail.com,Mary.Merell@gmail.com,police officer
934,Berget,Monaco,Berget.Monaco@yopmail.com,Berget.Monaco@gmail.com,worker
935,Anestassia,Mich,Anestassia.Mich@yopmail.com,Anestassia.Mich@gmail.com,police officer
936,Fawne,Rurik,Fawne.Rurik@yopmail.com,Fawne.Rurik@gmail.com,doctor
937,Kerrin,Mitzi,Kerrin.Mitzi@yopmail.com,Kerrin.Mitzi@gmail.com,firefighter
938,Maye,Artie,Maye.Artie@yopmail.com,Maye.Artie@gmail.com,worker
939,Georgetta,Malanie,Georgetta.Malanie@yopmail.com,Georgetta.Malanie@gmail.com,doctor
940,Darci,Hutchison,Darci.Hutchison@yopmail.com,Darci.Hutchison@gmail.com,developer
941,Gerrie,O'Rourke,Gerrie.O'Rourke@yopmail.com,Gerrie.O'Rourke@gmail.com,police officer
942,Elfreda,Poll,Elfreda.Poll@yopmail.com,Elfreda.Poll@gmail.com,firefighter
943,Karena,McLaughlin,Karena.McLaughlin@yopmail.com,Karena.McLaughlin@gmail.com,police officer
944,Marguerite,Willie,Marguerite.Willie@yopmail.com,Marguerite.Willie@gmail.com,firefighter
945,Raf,Annice,Raf.Annice@yopmail.com,Raf.Annice@gmail.com,doctor
946,Cyndie,Howlyn,Cyndie.Howlyn@yopmail.com,Cyndie.Howlyn@gmail.com,worker
947,Sarette,Bow,Sarette.Bow@yopmail.com,Sarette.Bow@gmail.com,firefighter
948,Chickie,Stevy,Chickie.Stevy@yopmail.com,Chickie.Stevy@gmail.com,police officer
949,Jasmina,Ovid,Jasmina.Ovid@yopmail.com,Jasmina.Ovid@gmail.com,developer
950,Robinia,Engdahl,Robinia.Engdahl@yopmail.com,Robinia.Engdahl@gmail.com,worker
951,Gavrielle,Fredi,Gavrielle.Fredi@yopmail.com,Gavrielle.Fredi@gmail.com,developer
952,Melisent,Rooney,Melisent.Rooney@yopmail.com,Melisent.Rooney@gmail.com,police officer
953,Noelle,Erb,Noelle.Erb@yopmail.com,Noelle.Erb@gmail.com,worker
954,Wilma,Ranjiv,Wilma.Ranjiv@yopmail.com,Wilma.Ranjiv@gmail.com,worker
955,Lory,Phi,Lory.Phi@yopmail.com,Lory.Phi@gmail.com,police officer
956,Kerrin,Slifka,Kerrin.Slifka@yopmail.com,Kerrin.Slifka@gmail.com,doctor
957,Wileen,Forrer,Wileen.Forrer@yopmail.com,Wileen.Forrer@gmail.com,developer
958,Lelah,Carolin,Lelah.Carolin@yopmail.com,Lelah.Carolin@gmail.com,firefighter
959,Ida,Jacqui,Ida.Jacqui@yopmail.com,Ida.Jacqui@gmail.com,doctor
960,Shaine,Sancho,Shaine.Sancho@yopmail.com,Shaine.Sancho@gmail.com,developer
961,Vere,Plato,Vere.Plato@yopmail.com,Vere.Plato@gmail.com,doctor
962,Anica,Hanshaw,Anica.Hanshaw@yopmail.com,Anica.Hanshaw@gmail.com,firefighter
963,Annabela,Skell,Annabela.Skell@yopmail.com,Annabela.Skell@gmail.com,doctor
964,Ayn,Shaddock,Ayn.Shaddock@yopmail.com,Ayn.Shaddock@gmail.com,doctor
965,Rosene,Holbrook,Rosene.Holbrook@yopmail.com,Rosene.Holbrook@gmail.com,doctor
966,Augustine,Aaberg,Augustine.Aaberg@yopmail.com,Augustine.Aaberg@gmail.com,doctor
967,Shauna,Fredi,Shauna.Fredi@yopmail.com,Shauna.Fredi@gmail.com,developer
968,Hildegaard,Sekofski,Hildegaard.Sekofski@yopmail.com,Hildegaard.Sekofski@gmail.com,developer
969,Gusella,Andrel,Gusella.Andrel@yopmail.com,Gusella.Andrel@gmail.com,firefighter
970,Ellette,Hylan,Ellette.Hylan@yopmail.com,Ellette.Hylan@gmail.com,firefighter
971,Darci,Diann,Darci.Diann@yopmail.com,Darci.Diann@gmail.com,developer
972,Dari,Skurnik,Dari.Skurnik@yopmail.com,Dari.Skurnik@gmail.com,doctor
973,Melina,Barbey,Melina.Barbey@yopmail.com,Melina.Barbey@gmail.com,police officer
974,Randa,Rad,Randa.Rad@yopmail.com,Randa.Rad@gmail.com,doctor
975,Robbi,Ahab,Robbi.Ahab@yopmail.com,Robbi.Ahab@gmail.com,worker
976,Raf,Ax,Raf.Ax@yopmail.com,Raf.Ax@gmail.com,police officer
977,Heida,Kelula,Heida.Kelula@yopmail.com,Heida.Kelula@gmail.com,doctor
978,Emelina,Lesley,Emelina.Lesley@yopmail.com,Emelina.Lesley@gmail.com,developer
979,Rivalee,Sadowski,Rivalee.Sadowski@yopmail.com,Rivalee.Sadowski@gmail.com,developer
980,Larine,Burch,Larine.Burch@yopmail.com,Larine.Burch@gmail.com,firefighter
981,Deloria,Ajay,Deloria.Ajay@yopmail.com,Deloria.Ajay@gmail.com,firefighter
982,Mireielle,Caitlin,Mireielle.Caitlin@yopmail.com,Mireielle.Caitlin@gmail.com,developer
983,Claresta,Haymes,Claresta.Haymes@yopmail.com,Claresta.Haymes@gmail.com,developer
984,Pierette,Michella,Pierette.Michella@yopmail.com,Pierette.Michella@gmail.com,worker
985,Kirbee,Glovsky,Kirbee.Glovsky@yopmail.com,Kirbee.Glovsky@gmail.com,developer
986,Carly,Kronfeld,Carly.Kronfeld@yopmail.com,Carly.Kronfeld@gmail.com,police officer
987,Genevra,Richers,Genevra.Richers@yopmail.com,Genevra.Richers@gmail.com,worker
988,Benita,Pulsifer,Benita.Pulsifer@yopmail.com,Benita.Pulsifer@gmail.com,firefighter
989,Shannah,Yam,Shannah.Yam@yopmail.com,Shannah.Yam@gmail.com,police officer
990,Elie,Elisha,Elie.Elisha@yopmail.com,Elie.Elisha@gmail.com,developer
991,Dorene,Bach,Dorene.Bach@yopmail.com,Dorene.Bach@gmail.com,police officer
992,Chastity,Hermes,Chastity.Hermes@yopmail.com,Chastity.Hermes@gmail.com,firefighter
993,Halette,Lea,Halette.Lea@yopmail.com,Halette.Lea@gmail.com,firefighter
994,Cristine,Cordi,Cristine.Cordi@yopmail.com,Cristine.Cordi@gmail.com,developer
995,Lynea,Ulphia,Lynea.Ulphia@yopmail.com,Lynea.Ulphia@gmail.com,firefighter
996,Valeda,Afton,Valeda.Afton@yopmail.com,Valeda.Afton@gmail.com,worker
997,Roslyn,Breed,Roslyn.Breed@yopmail.com,Roslyn.Breed@gmail.com,developer
998,Inga,Wittie,Inga.Wittie@yopmail.com,Inga.Wittie@gmail.com,firefighter
999,Brana,Ezar,Brana.Ezar@yopmail.com,Brana.Ezar@gmail.com,doctor
1000,Teddie,Ferrell,Teddie.Ferrell@yopmail.com,Teddie.Ferrell@gmail.com,doctor
1001,Blondelle,Felecia,Blondelle.Felecia@yopmail.com,Blondelle.Felecia@gmail.com,developer
1002,Regina,McCutcheon,Regina.McCutcheon@yopmail.com,Regina.McCutcheon@gmail.com,developer
1003,Romona,Glenden,Romona.Glenden@yopmail.com,Romona.Glenden@gmail.com,worker
1004,Tina,Tybald,Tina.Tybald@yopmail.com,Tina.Tybald@gmail.com,police officer
1005,Lusa,Loring,Lusa.Loring@yopmail.com,Lusa.Loring@gmail.com,doctor
1006,Tiffie,Cynar,Tiffie.Cynar@yopmail.com,Tiffie.Cynar@gmail.com,developer
1007,Jasmina,Holbrook,Jasmina.Holbrook@yopmail.com,Jasmina.Holbrook@gmail.com,doctor
1008,Fanchon,Mehalek,Fanchon.Mehalek@yopmail.com,Fanchon.Mehalek@gmail.com,worker
1009,Beverley,Kristi,Beverley.Kristi@yopmail.com,Beverley.Kristi@gmail.com,worker
1010,Amalie,Sabella,Amalie.Sabella@yopmail.com,Amalie.Sabella@gmail.com,firefighter
1011,Alameda,Noelyn,Alameda.Noelyn@yopmail.com,Alameda.Noelyn@gmail.com,police officer
1012,Ardeen,Charmine,Ardeen.Charmine@yopmail.com,Ardeen.Charmine@gmail.com,doctor
1013,Jinny,Alabaster,Jinny.Alabaster@yopmail.com,Jinny.Alabaster@gmail.com,firefighter
1014,Pamella,O'Rourke,Pamella.O'Rourke@yopmail.com,Pamella.O'Rourke@gmail.com,police officer
1015,Fidelia,Naashom,Fidelia.Naashom@yopmail.com,Fidelia.Naashom@gmail.com,firefighter
1016,Drucie,Kendrick,Drucie.Kendrick@yopmail.com,Drucie.Kendrick@gmail.com,doctor
1017,Jessy,Bates,Jessy.Bates@yopmail.com,Jessy.Bates@gmail.com,worker
1018,Myriam,Stanwood,Myriam.Stanwood@yopmail.com,Myriam.Stanwood@gmail.com,police officer
1019,Juliane,Germann,Juliane.Germann@yopmail.com,Juliane.Germann@gmail.com,worker
1020,Brianna,Kunin,Brianna.Kunin@yopmail.com,Brianna.Kunin@gmail.com,worker
1021,Sibella,Randene,Sibella.Randene@yopmail.com,Sibella.Randene@gmail.com,firefighter
1022,Jorry,Dominy,Jorry.Dominy@yopmail.com,Jorry.Dominy@gmail.com,police officer
1023,Dulce,Riva,Dulce.Riva@yopmail.com,Dulce.Riva@gmail.com,developer
1024,Cindelyn,Grosz,Cindelyn.Grosz@yopmail.com,Cindelyn.Grosz@gmail.com,doctor
1025,Bill,Judye,Bill.Judye@yopmail.com,Bill.Judye@gmail.com,developer
1026,Joy,Iiette,Joy.Iiette@yopmail.com,Joy.Iiette@gmail.com,police officer
1027,Carree,Kaete,Carree.Kaete@yopmail.com,Carree.Kaete@gmail.com,police officer
1028,Beth,Kiersten,Beth.Kiersten@yopmail.com,Beth.Kiersten@gmail.com,developer
1029,Arabel,Simmonds,Arabel.Simmonds@yopmail.com,Arabel.Simmonds@gmail.com,police officer
1030,Aaren,Isidore,Aaren.Isidore@yopmail.com,Aaren.Isidore@gmail.com,police officer
1031,Melina,Yuille,Melina.Yuille@yopmail.com,Melina.Yuille@gmail.com,developer
1032,Morganica,Waldron,Morganica.Waldron@yopmail.com,Morganica.Waldron@gmail.com,worker
1033,Phylis,Niccolo,Phylis.Niccolo@yopmail.com,Phylis.Niccolo@gmail.com,worker
1034,Gilda,Halsey,Gilda.Halsey@yopmail.com,Gilda.Halsey@gmail.com,worker
1035,Leontine,Fiester,Leontine.Fiester@yopmail.com,Leontine.Fiester@gmail.com,firefighter
1036,Althea,Cohdwell,Althea.Cohdwell@yopmail.com,Althea.Cohdwell@gmail.com,doctor
1037,Florencia,Fontana,Florencia.Fontana@yopmail.com,Florencia.Fontana@gmail.com,firefighter
1038,Babita,Ferrell,Babita.Ferrell@yopmail.com,Babita.Ferrell@gmail.com,doctor
1039,Katharina,Gerge,Katharina.Gerge@yopmail.com,Katharina.Gerge@gmail.com,firefighter
1040,Edith,Cressida,Edith.Cressida@yopmail.com,Edith.Cressida@gmail.com,doctor
1041,Esmeralda,Mintz,Esmeralda.Mintz@yopmail.com,Esmeralda.Mintz@gmail.com,police officer
1042,Alyda,Kirstin,Alyda.Kirstin@yopmail.com,Alyda.Kirstin@gmail.com,firefighter
1043,Cristabel,Tremayne,Cristabel.Tremayne@yopmail.com,Cristabel.Tremayne@gmail.com,doctor
1044,Louella,Luhe,Louella.Luhe@yopmail.com,Louella.Luhe@gmail.com,police officer
1045,Annice,Angelis,Annice.Angelis@yopmail.com,Annice.Angelis@gmail.com,doctor
1046,Robinia,Nadia,Robinia.Nadia@yopmail.com,Robinia.Nadia@gmail.com,firefighter
1047,Sashenka,Ophelia,Sashenka.Ophelia@yopmail.com,Sashenka.Ophelia@gmail.com,doctor
1048,Orelia,Ciapas,Orelia.Ciapas@yopmail.com,Orelia.Ciapas@gmail.com,worker
1049,Shandie,Modie,Shandie.Modie@yopmail.com,Shandie.Modie@gmail.com,doctor
1050,Beatriz,Darbie,Beatriz.Darbie@yopmail.com,Beatriz.Darbie@gmail.com,firefighter
1051,Nickie,Kosey,Nickie.Kosey@yopmail.com,Nickie.Kosey@gmail.com,firefighter
1052,Meriel,Candy,Meriel.Candy@yopmail.com,Meriel.Candy@gmail.com,firefighter
1053,Lindie,Bonilla,Lindie.Bonilla@yopmail.com,Lindie.Bonilla@gmail.com,police officer
1054,Carly,Roscoe,Carly.Roscoe@yopmail.com,Carly.Roscoe@gmail.com,doctor
1055,Deloria,Codding,Deloria.Codding@yopmail.com,Deloria.Codding@gmail.com,police officer
1056,Tracey,Docilla,Tracey.Docilla@yopmail.com,Tracey.Docilla@gmail.com,doctor
1057,Evita,Jotham,Evita.Jotham@yopmail.com,Evita.Jotham@gmail.com,worker
1058,Bertine,Bultman,Bertine.Bultman@yopmail.com,Bertine.Bultman@gmail.com,doctor
1059,Lexine,Kannry,Lexine.Kannry@yopmail.com,Lexine.Kannry@gmail.com,police officer
1060,Verla,Honoria,Verla.Honoria@yopmail.com,Verla.Honoria@gmail.com,developer
1061,Christal,Doig,Christal.Doig@yopmail.com,Christal.Doig@gmail.com,doctor
1062,Stevana,Bebe,Stevana.Bebe@yopmail.com,Stevana.Bebe@gmail.com,firefighter
1063,Caritta,Paine,Caritta.Paine@yopmail.com,Caritta.Paine@gmail.com,doctor
1064,Berget,Thema,Berget.Thema@yopmail.com,Berget.Thema@gmail.com,worker
1065,Mignon,Destinee,Mignon.Destinee@yopmail.com,Mignon.Destinee@gmail.com,worker
1066,Monika,Raul,Monika.Raul@yopmail.com,Monika.Raul@gmail.com,police officer
1067,Lily,Harriman,Lily.Harriman@yopmail.com,Lily.Harriman@gmail.com,worker
1068,Betta,Papageno,Betta.Papageno@yopmail.com,Betta.Papageno@gmail.com,firefighter
1069,Tera,Socha,Tera.Socha@yopmail.com,Tera.Socha@gmail.com,worker
1070,Sissy,Toor,Sissy.Toor@yopmail.com,Sissy.Toor@gmail.com,worker
1071,Loree,Ummersen,Loree.Ummersen@yopmail.com,Loree.Ummersen@gmail.com,doctor
1072,Corry,Lea,Corry.Lea@yopmail.com,Corry.Lea@gmail.com,firefighter
1073,Elvira,Juan,Elvira.Juan@yopmail.com,Elvira.Juan@gmail.com,police officer
1074,Damaris,Engdahl,Damaris.Engdahl@yopmail.com,Damaris.Engdahl@gmail.com,police officer
1075,Clarice,Hepsibah,Clarice.Hepsibah@yopmail.com,Clarice.Hepsibah@gmail.com,police officer
1076,Dotty,Natica,Dotty.Natica@yopmail.com,Dotty.Natica@gmail.com,worker
1077,Claudina,Haymes,Claudina.Haymes@yopmail.com,Claudina.Haymes@gmail.com,firefighter
1078,Winny,Merell,Winny.Merell@yopmail.com,Winny.Merell@gmail.com,worker
1079,Gerianna,Stilwell,Gerianna.Stilwell@yopmail.com,Gerianna.Stilwell@gmail.com,firefighter
1080,Jacquetta,Taam,Jacquetta.Taam@yopmail.com,Jacquetta.Taam@gmail.com,firefighter
1081,Chloris,Corilla,Chloris.Corilla@yopmail.com,Chloris.Corilla@gmail.com,firefighter
1082,Elie,Fleeta,Elie.Fleeta@yopmail.com,Elie.Fleeta@gmail.com,doctor
1083,Lucille,Cadmar,Lucille.Cadmar@yopmail.com,Lucille.Cadmar@gmail.com,doctor
1084,Aimil,Mayeda,Aimil.Mayeda@yopmail.com,Aimil.Mayeda@gmail.com,worker
1085,Letizia,Pip,Letizia.Pip@yopmail.com,Letizia.Pip@gmail.com,worker
1086,Debee,Shama,Debee.Shama@yopmail.com,Debee.Shama@gmail.com,police officer
1087,Silvana,Winthorpe,Silvana.Winthorpe@yopmail.com,Silvana.Winthorpe@gmail.com,police officer
1088,Randa,Rogerio,Randa.Rogerio@yopmail.com,Randa.Rogerio@gmail.com,doctor
1089,Oona,Cassius,Oona.Cassius@yopmail.com,Oona.Cassius@gmail.com,firefighter
1090,Sallie,Docilla,Sallie.Docilla@yopmail.com,Sallie.Docilla@gmail.com,developer
1091,Calla,Bryna,Calla.Bryna@yopmail.com,Calla.Bryna@gmail.com,worker
1092,Linet,Jerald,Linet.Jerald@yopmail.com,Linet.Jerald@gmail.com,police officer
1093,Jenda,LaRue,Jenda.LaRue@yopmail.com,Jenda.LaRue@gmail.com,firefighter
1094,Florie,Brittani,Florie.Brittani@yopmail.com,Florie.Brittani@gmail.com,firefighter
1095,Jeanna,Bevin,Jeanna.Bevin@yopmail.com,Jeanna.Bevin@gmail.com,firefighter
1096,Corina,Leifeste,Corina.Leifeste@yopmail.com,Corina.Leifeste@gmail.com,developer
1097,Ethel,Lail,Ethel.Lail@yopmail.com,Ethel.Lail@gmail.com,firefighter
1098,Mathilda,Voletta,Mathilda.Voletta@yopmail.com,Mathilda.Voletta@gmail.com,doctor
1099,Alyda,Regan,Alyda.Regan@yopmail.com,Alyda.Regan@gmail.com,police officer